content_key,content_item_version_id,criterion_key,points_possible,covered,span_indexes,confidence,flags
"APSTAT-MOD3-E002","882d7377-1634-46a9-88c8-a46680c837db","distribution_shape","1","true","1","high",""
"APSTAT-MOD3-E005","bd6662e5-ef20-4a53-8c9f-0a4010d2470c","correlation_causation","1","true","1","high",""
"APSTAT-MOD3-H001-INV","decf1d69-0fb2-4bd6-8d71-a587a46bff57","bias_identification","1","true","1","high",""
"APSTAT-MOD3-H001-INV","decf1d69-0fb2-4bd6-8d71-a587a46bff57","ci_calculation","1","true","5","high",""
"APSTAT-MOD3-H001-INV","decf1d69-0fb2-4bd6-8d71-a587a46bff57","ci_interpretation","1","true","7","high",""
"APSTAT-MOD3-H001-INV","decf1d69-0fb2-4bd6-8d71-a587a46bff57","hypothesis_test","1","true","9","high",""
"APSTAT-MOD3-H001-INV","decf1d69-0fb2-4bd6-8d71-a587a46bff57","improved_sampling_design","1","true","3","high",""
"APSTAT-MOD4-H001-INV","b045075d-724f-4248-8a3b-e0f0c68e82a0","blocking_decision","1","true","3","medium","The prompt reportedly mentions p ≈ 0.014; that is approximately the two-sided p-value, while the directional alternative requested gives about 0.007."
"APSTAT-MOD4-H001-INV","b045075d-724f-4248-8a3b-e0f0c68e82a0","experimental_design","1","true","1","medium","The prompt reportedly mentions p ≈ 0.014; that is approximately the two-sided p-value, while the directional alternative requested gives about 0.007."
"APSTAT-MOD4-H001-INV","b045075d-724f-4248-8a3b-e0f0c68e82a0","hypothesis_test_execution","1","true","5","medium","The prompt reportedly mentions p ≈ 0.014; that is approximately the two-sided p-value, while the directional alternative requested gives about 0.007."
"APSTAT-MOD4-H001-INV","b045075d-724f-4248-8a3b-e0f0c68e82a0","significance_interpretation","1","true","7","medium","The prompt reportedly mentions p ≈ 0.014; that is approximately the two-sided p-value, while the directional alternative requested gives about 0.007."
"APSTAT-MOD4-M001","80a0b867-d6e6-4bf6-999c-323c357f10f1","design-groups","1","true","1","high",""
"APSTAT-MOD4-M001","80a0b867-d6e6-4bf6-999c-323c357f10f1","design-outcome","1","true","1","high",""
"APSTAT-MOD4-M001","80a0b867-d6e6-4bf6-999c-323c357f10f1","design-random-assignment","1","true","1","high",""
"APSTAT-MOD4-M003","15a93acc-e093-49fc-ae64-baa0e77a2c5c","census_vs_sample","1","true","1","high",""
"APSTAT-MOD4-M004","55a833f4-ab5f-4437-b36f-748038236300","visual_description","1","true","1","high",""
"APSTAT-MOD5-H001-INV","b0d3059b-0072-44d5-8543-eb16cc79a17b","causation_vs_correlation","1","true","1","medium","The supplied t statistic lacks a stated subtraction order, so the answer concludes a difference but does not infer its direction."
"APSTAT-MOD5-H001-INV","b0d3059b-0072-44d5-8543-eb16cc79a17b","confounding_variables","1","true","3","medium","The supplied t statistic lacks a stated subtraction order, so the answer concludes a difference but does not infer its direction."
"APSTAT-MOD5-H001-INV","b0d3059b-0072-44d5-8543-eb16cc79a17b","experimental_advantage","1","true","5","medium","The supplied t statistic lacks a stated subtraction order, so the answer concludes a difference but does not infer its direction."
"APSTAT-MOD5-H001-INV","b0d3059b-0072-44d5-8543-eb16cc79a17b","experimental_conclusion","1","true","7","medium","The supplied t statistic lacks a stated subtraction order, so the answer concludes a difference but does not infer its direction."
"APSTAT-MOD5-M001","acf20fc2-bc25-42e9-9068-fea69c26c89c","descriptive_statistics","1","true","1","high",""
"APSTAT-MOD6-H001","bf471ada-e35b-4d63-b27d-d9aba40722ca","conclusion","1","true","1","high",""
"APSTAT-MOD6-H001","bf471ada-e35b-4d63-b27d-d9aba40722ca","hypotheses_setup","1","true","1","high",""
"APSTAT-MOD6-H001","bf471ada-e35b-4d63-b27d-d9aba40722ca","test_calculation","1","true","1","high",""
"APSTAT-MOD6-H002-INV","c93a7c33-587b-48dc-9aaf-929e9e3cccc0","exploratory_analysis","1","true","1","high",""
"APSTAT-MOD6-H002-INV","c93a7c33-587b-48dc-9aaf-929e9e3cccc0","model_recommendation","1","true","7","high",""
"APSTAT-MOD6-H002-INV","c93a7c33-587b-48dc-9aaf-929e9e3cccc0","regression_fitting","1","true","3","high",""
"APSTAT-MOD6-H002-INV","c93a7c33-587b-48dc-9aaf-929e9e3cccc0","residual_diagnostics","1","true","5","high",""
"APSTAT-MOD6-M002","0d1808ac-8b62-472d-abcb-1d7edd5184ab","confidence_interval_interpretation","1","true","1","high",""
"APSTAT-MOD7-H002-INV","9817ead7-52af-493f-b7ef-dc30c3c4d904","chi_square_test","1","true","3|9","high",""
"APSTAT-MOD7-H002-INV","9817ead7-52af-493f-b7ef-dc30c3c4d904","contextual_interpretation","1","true","7|9","high",""
"APSTAT-MOD7-H002-INV","9817ead7-52af-493f-b7ef-dc30c3c4d904","contingency_table","1","true","1|9","high",""
"APSTAT-MOD7-H002-INV","9817ead7-52af-493f-b7ef-dc30c3c4d904","probability_analysis","1","true","5|9","high",""
"APSTAT-MOD8-M004","b7db04ce-be58-44b8-bbec-2be286e254d9","slope_interpretation","1","true","1","high",""
"apstats-frq-u12-001","1300dd2b-de29-4d8b-a990-376c8d3ff876","part-a-criterion-01","1","true","1","high",""
"apstats-frq-u12-001","1300dd2b-de29-4d8b-a990-376c8d3ff876","part-a-criterion-02","1","true","1","high",""
"apstats-frq-u12-001","1300dd2b-de29-4d8b-a990-376c8d3ff876","part-b-criterion-01","1","true","3","high",""
"apstats-frq-u12-001","1300dd2b-de29-4d8b-a990-376c8d3ff876","part-b-criterion-02","1","true","3","high",""
"apstats-frq-u12-001","1300dd2b-de29-4d8b-a990-376c8d3ff876","part-b-criterion-03","1","true","3","high",""
"apstats-frq-u12-001","1300dd2b-de29-4d8b-a990-376c8d3ff876","part-c-criterion-01","1","true","5","high",""
"apstats-frq-u12-001","1300dd2b-de29-4d8b-a990-376c8d3ff876","part-c-criterion-02","1","true","5","high",""
"apstats-frq-u12-001","1300dd2b-de29-4d8b-a990-376c8d3ff876","part-d-criterion-01","1","true","7","high",""
"apstats-frq-u12-001","1300dd2b-de29-4d8b-a990-376c8d3ff876","part-d-criterion-02","1","true","7","high",""
"apstats-frq-u12-001","1300dd2b-de29-4d8b-a990-376c8d3ff876","part-d-criterion-03","1","true","7","high",""
"apstats-frq-u12-002","2899b6c0-815c-4b54-a8a3-1f912e11d97d","part-a-criterion-01","1","true","1","high",""
"apstats-frq-u12-002","2899b6c0-815c-4b54-a8a3-1f912e11d97d","part-a-criterion-02","1","true","1","high",""
"apstats-frq-u12-002","2899b6c0-815c-4b54-a8a3-1f912e11d97d","part-b-criterion-01","1","true","3","high",""
"apstats-frq-u12-002","2899b6c0-815c-4b54-a8a3-1f912e11d97d","part-b-criterion-02","1","true","3","high",""
"apstats-frq-u12-002","2899b6c0-815c-4b54-a8a3-1f912e11d97d","part-c-criterion-01","1","true","5","high",""
"apstats-frq-u12-002","2899b6c0-815c-4b54-a8a3-1f912e11d97d","part-c-criterion-02","1","true","5","high",""
"apstats-frq-u12-002","2899b6c0-815c-4b54-a8a3-1f912e11d97d","part-c-criterion-03","1","true","5","high",""
"apstats-frq-u12-002","2899b6c0-815c-4b54-a8a3-1f912e11d97d","part-d-criterion-01","1","true","7","high",""
"apstats-frq-u12-002","2899b6c0-815c-4b54-a8a3-1f912e11d97d","part-d-criterion-02","1","true","7","high",""
"apstats-frq-u12-002","2899b6c0-815c-4b54-a8a3-1f912e11d97d","part-d-criterion-03","1","true","7","high",""
"apstats-frq-u12-003","f8ebd5b5-6ac8-405f-a564-bb6b0dfb0759","part-a-criterion-01","1","true","1","high",""
"apstats-frq-u12-003","f8ebd5b5-6ac8-405f-a564-bb6b0dfb0759","part-a-criterion-02","1","true","1","high",""
"apstats-frq-u12-003","f8ebd5b5-6ac8-405f-a564-bb6b0dfb0759","part-a-criterion-03","1","true","1","high",""
"apstats-frq-u12-003","f8ebd5b5-6ac8-405f-a564-bb6b0dfb0759","part-a-criterion-04","1","true","1","high",""
"apstats-frq-u12-003","f8ebd5b5-6ac8-405f-a564-bb6b0dfb0759","part-b-criterion-01","1","true","3","high",""
"apstats-frq-u12-003","f8ebd5b5-6ac8-405f-a564-bb6b0dfb0759","part-b-criterion-02","1","true","3","high",""
"apstats-frq-u12-003","f8ebd5b5-6ac8-405f-a564-bb6b0dfb0759","part-b-criterion-03","1","true","3","high",""
"apstats-frq-u12-003","f8ebd5b5-6ac8-405f-a564-bb6b0dfb0759","part-c-criterion-01","1","true","5","high",""
"apstats-frq-u12-003","f8ebd5b5-6ac8-405f-a564-bb6b0dfb0759","part-c-criterion-02","1","true","5","high",""
"apstats-frq-u12-003","f8ebd5b5-6ac8-405f-a564-bb6b0dfb0759","part-c-criterion-03","1","true","5","high",""
"apstats-frq-u12-004","a01f2bff-79df-4a27-a7d8-39a12a4cb5df","part-a-criterion-01","1","true","1","high",""
"apstats-frq-u12-004","a01f2bff-79df-4a27-a7d8-39a12a4cb5df","part-a-criterion-02","1","true","1","high",""
"apstats-frq-u12-004","a01f2bff-79df-4a27-a7d8-39a12a4cb5df","part-a-criterion-03","1","true","1","high",""
"apstats-frq-u12-004","a01f2bff-79df-4a27-a7d8-39a12a4cb5df","part-b-criterion-01","1","true","3","high",""
"apstats-frq-u12-004","a01f2bff-79df-4a27-a7d8-39a12a4cb5df","part-b-criterion-02","1","true","3","high",""
"apstats-frq-u12-004","a01f2bff-79df-4a27-a7d8-39a12a4cb5df","part-b-criterion-03","1","true","3","high",""
"apstats-frq-u12-004","a01f2bff-79df-4a27-a7d8-39a12a4cb5df","part-c-criterion-01","1","true","5","high",""
"apstats-frq-u12-004","a01f2bff-79df-4a27-a7d8-39a12a4cb5df","part-c-criterion-02","1","true","5","high",""
"apstats-frq-u12-004","a01f2bff-79df-4a27-a7d8-39a12a4cb5df","part-c-criterion-03","1","true","5","high",""
"apstats-frq-u12-004","a01f2bff-79df-4a27-a7d8-39a12a4cb5df","part-c-criterion-04","1","true","5","high",""
"apstats-frq-u12-005","804d26da-67ae-4acf-8ad8-dc33c2459f67","a","3","true","1","medium","The stored rubric is anomalously coarse: 4 criteria total 10 points rather than 10 one-point criteria."
"apstats-frq-u12-005","804d26da-67ae-4acf-8ad8-dc33c2459f67","b","3","true","3","medium","The stored rubric is anomalously coarse: 4 criteria total 10 points rather than 10 one-point criteria."
"apstats-frq-u12-005","804d26da-67ae-4acf-8ad8-dc33c2459f67","c1","2","true","5","medium","The stored rubric is anomalously coarse: 4 criteria total 10 points rather than 10 one-point criteria."
"apstats-frq-u12-005","804d26da-67ae-4acf-8ad8-dc33c2459f67","c2","2","true","7","medium","The stored rubric is anomalously coarse: 4 criteria total 10 points rather than 10 one-point criteria."
"apstats-frq-u12-006","5a68fcbc-4c45-4bdc-ae2a-4acbcfaf79ac","part-a-criterion-01","1","true","1","high",""
"apstats-frq-u12-006","5a68fcbc-4c45-4bdc-ae2a-4acbcfaf79ac","part-a-criterion-02","1","true","1","high",""
"apstats-frq-u12-006","5a68fcbc-4c45-4bdc-ae2a-4acbcfaf79ac","part-b-criterion-01","1","true","3","high",""
"apstats-frq-u12-006","5a68fcbc-4c45-4bdc-ae2a-4acbcfaf79ac","part-b-criterion-02","1","true","3","high",""
"apstats-frq-u12-006","5a68fcbc-4c45-4bdc-ae2a-4acbcfaf79ac","part-b-criterion-03","1","true","3","high",""
"apstats-frq-u12-006","5a68fcbc-4c45-4bdc-ae2a-4acbcfaf79ac","part-c-criterion-01","1","true","5","high",""
"apstats-frq-u12-006","5a68fcbc-4c45-4bdc-ae2a-4acbcfaf79ac","part-c-criterion-02","1","true","5","high",""
"apstats-frq-u12-006","5a68fcbc-4c45-4bdc-ae2a-4acbcfaf79ac","part-c-criterion-03","1","true","5","high",""
"apstats-frq-u12-006","5a68fcbc-4c45-4bdc-ae2a-4acbcfaf79ac","part-d-criterion-01","1","true","7","high",""
"apstats-frq-u12-006","5a68fcbc-4c45-4bdc-ae2a-4acbcfaf79ac","part-d-criterion-02","1","true","7","high",""
"apstats-frq-u12-007","09c01266-44ef-4639-af6e-b9f8016b8211","part-a-criterion-01","1","true","1","high",""
"apstats-frq-u12-007","09c01266-44ef-4639-af6e-b9f8016b8211","part-a-criterion-02","1","true","1","high",""
"apstats-frq-u12-007","09c01266-44ef-4639-af6e-b9f8016b8211","part-a-criterion-03","1","true","1","high",""
"apstats-frq-u12-007","09c01266-44ef-4639-af6e-b9f8016b8211","part-b-criterion-01","1","true","3","high",""
"apstats-frq-u12-007","09c01266-44ef-4639-af6e-b9f8016b8211","part-b-criterion-02","1","true","3","high",""
"apstats-frq-u12-007","09c01266-44ef-4639-af6e-b9f8016b8211","part-b-criterion-03","1","true","3","high",""
"apstats-frq-u12-007","09c01266-44ef-4639-af6e-b9f8016b8211","part-b-criterion-04","1","true","3","high",""
"apstats-frq-u12-007","09c01266-44ef-4639-af6e-b9f8016b8211","part-c-criterion-01","1","true","5","high",""
"apstats-frq-u12-007","09c01266-44ef-4639-af6e-b9f8016b8211","part-c-criterion-02","1","true","5","high",""
"apstats-frq-u12-007","09c01266-44ef-4639-af6e-b9f8016b8211","part-c-criterion-03","1","true","5","high",""
"apstats-frq-u12-008","ff256908-1a1d-4138-a396-0f24d1e0a8e4","part-a-criterion-01","1","true","1","high",""
"apstats-frq-u12-008","ff256908-1a1d-4138-a396-0f24d1e0a8e4","part-a-criterion-02","1","true","1","high",""
"apstats-frq-u12-008","ff256908-1a1d-4138-a396-0f24d1e0a8e4","part-a-criterion-03","1","true","1","high",""
"apstats-frq-u12-008","ff256908-1a1d-4138-a396-0f24d1e0a8e4","part-b-criterion-01","1","true","3","high",""
"apstats-frq-u12-008","ff256908-1a1d-4138-a396-0f24d1e0a8e4","part-b-criterion-02","1","true","3","high",""
"apstats-frq-u12-008","ff256908-1a1d-4138-a396-0f24d1e0a8e4","part-c-criterion-01","1","true","5","high",""
"apstats-frq-u12-008","ff256908-1a1d-4138-a396-0f24d1e0a8e4","part-c-criterion-02","1","true","5","high",""
"apstats-frq-u12-008","ff256908-1a1d-4138-a396-0f24d1e0a8e4","part-c-criterion-03","1","true","5","high",""
"apstats-frq-u12-008","ff256908-1a1d-4138-a396-0f24d1e0a8e4","part-d-criterion-01","1","true","7","high",""
"apstats-frq-u12-008","ff256908-1a1d-4138-a396-0f24d1e0a8e4","part-d-criterion-02","1","true","7","high",""
"apstats-frq-u12-009","350a6f19-505d-476e-a513-f7cc14473966","part-a-criterion-01","1","true","1","high",""
"apstats-frq-u12-009","350a6f19-505d-476e-a513-f7cc14473966","part-a-criterion-02","1","true","1","high",""
"apstats-frq-u12-009","350a6f19-505d-476e-a513-f7cc14473966","part-b-criterion-01","1","true","3","high",""
"apstats-frq-u12-009","350a6f19-505d-476e-a513-f7cc14473966","part-b-criterion-02","1","true","3","high",""
"apstats-frq-u12-009","350a6f19-505d-476e-a513-f7cc14473966","part-b-criterion-03","1","true","3","high",""
"apstats-frq-u12-009","350a6f19-505d-476e-a513-f7cc14473966","part-b-criterion-04","1","true","3","high",""
"apstats-frq-u12-009","350a6f19-505d-476e-a513-f7cc14473966","part-c-criterion-01","1","true","5","high",""
"apstats-frq-u12-009","350a6f19-505d-476e-a513-f7cc14473966","part-c-criterion-02","1","true","5","high",""
"apstats-frq-u12-009","350a6f19-505d-476e-a513-f7cc14473966","part-c-criterion-03","1","true","5","high",""
"apstats-frq-u12-009","350a6f19-505d-476e-a513-f7cc14473966","part-c-criterion-04","1","true","5","high",""
"apstats-frq-u12-010","22897ba4-5b51-473d-a7dc-ea9012892f99","part-a-criterion-01","1","true","1","high",""
"apstats-frq-u12-010","22897ba4-5b51-473d-a7dc-ea9012892f99","part-a-criterion-02","1","true","1","high",""
"apstats-frq-u12-010","22897ba4-5b51-473d-a7dc-ea9012892f99","part-a-criterion-03","1","true","1","high",""
"apstats-frq-u12-010","22897ba4-5b51-473d-a7dc-ea9012892f99","part-b-criterion-01","1","true","3","high",""
"apstats-frq-u12-010","22897ba4-5b51-473d-a7dc-ea9012892f99","part-b-criterion-02","1","true","3","high",""
"apstats-frq-u12-010","22897ba4-5b51-473d-a7dc-ea9012892f99","part-b-criterion-03","1","true","3","high",""
"apstats-frq-u12-010","22897ba4-5b51-473d-a7dc-ea9012892f99","part-c-criterion-01","1","true","5","high",""
"apstats-frq-u12-010","22897ba4-5b51-473d-a7dc-ea9012892f99","part-c-criterion-02","1","true","5","high",""
"apstats-frq-u12-010","22897ba4-5b51-473d-a7dc-ea9012892f99","part-d-criterion-01","1","true","7","high",""
"apstats-frq-u12-010","22897ba4-5b51-473d-a7dc-ea9012892f99","part-d-criterion-02","1","true","7","high",""
"apstats-frq-u12-011","9a053602-a9d5-4a4a-a641-afb2d8fc9f11","part-a-criterion-01","1","true","1","high",""
"apstats-frq-u12-011","9a053602-a9d5-4a4a-a641-afb2d8fc9f11","part-a-criterion-02","1","true","1","high",""
"apstats-frq-u12-011","9a053602-a9d5-4a4a-a641-afb2d8fc9f11","part-a-criterion-03","1","true","1","high",""
"apstats-frq-u12-011","9a053602-a9d5-4a4a-a641-afb2d8fc9f11","part-b-criterion-01","1","true","3","high",""
"apstats-frq-u12-011","9a053602-a9d5-4a4a-a641-afb2d8fc9f11","part-b-criterion-02","1","true","3","high",""
"apstats-frq-u12-011","9a053602-a9d5-4a4a-a641-afb2d8fc9f11","part-b-criterion-03","1","true","3","high",""
"apstats-frq-u12-011","9a053602-a9d5-4a4a-a641-afb2d8fc9f11","part-c-criterion-01","1","true","5","high",""
"apstats-frq-u12-011","9a053602-a9d5-4a4a-a641-afb2d8fc9f11","part-c-criterion-02","1","true","5","high",""
"apstats-frq-u12-011","9a053602-a9d5-4a4a-a641-afb2d8fc9f11","part-c-criterion-03","1","true","5","high",""
"apstats-frq-u12-011","9a053602-a9d5-4a4a-a641-afb2d8fc9f11","part-c-criterion-04","1","true","5","high",""
"apstats-frq-u12-012","3ffe16de-35ff-46ed-ad96-6709fc159cd4","part-a-criterion-01","1","true","1","high",""
"apstats-frq-u12-012","3ffe16de-35ff-46ed-ad96-6709fc159cd4","part-a-criterion-02","1","true","1","high",""
"apstats-frq-u12-012","3ffe16de-35ff-46ed-ad96-6709fc159cd4","part-b-criterion-01","1","true","3","high",""
"apstats-frq-u12-012","3ffe16de-35ff-46ed-ad96-6709fc159cd4","part-b-criterion-02","1","true","3","high",""
"apstats-frq-u12-012","3ffe16de-35ff-46ed-ad96-6709fc159cd4","part-b-criterion-03","1","true","3","high",""
"apstats-frq-u12-012","3ffe16de-35ff-46ed-ad96-6709fc159cd4","part-b-criterion-04","1","true","3","high",""
"apstats-frq-u12-012","3ffe16de-35ff-46ed-ad96-6709fc159cd4","part-c-criterion-01","1","true","5","high",""
"apstats-frq-u12-012","3ffe16de-35ff-46ed-ad96-6709fc159cd4","part-c-criterion-02","1","true","5","high",""
"apstats-frq-u12-012","3ffe16de-35ff-46ed-ad96-6709fc159cd4","part-d-criterion-01","1","true","7","high",""
"apstats-frq-u12-012","3ffe16de-35ff-46ed-ad96-6709fc159cd4","part-d-criterion-02","1","true","7","high",""
"apstats-frq-u12-013","4b713cd8-0e04-477c-ac93-1cc73faf2315","part-a-criterion-01","1","true","1","medium","The direction of time-of-day bias for an unspecified response cannot be determined without knowing how excluded groups differ."
"apstats-frq-u12-013","4b713cd8-0e04-477c-ac93-1cc73faf2315","part-a-criterion-02","1","true","1","medium","The direction of time-of-day bias for an unspecified response cannot be determined without knowing how excluded groups differ."
"apstats-frq-u12-013","4b713cd8-0e04-477c-ac93-1cc73faf2315","part-b-criterion-01","1","true","3","medium","The direction of time-of-day bias for an unspecified response cannot be determined without knowing how excluded groups differ."
"apstats-frq-u12-013","4b713cd8-0e04-477c-ac93-1cc73faf2315","part-b-criterion-02","1","true","3","medium","The direction of time-of-day bias for an unspecified response cannot be determined without knowing how excluded groups differ."
"apstats-frq-u12-013","4b713cd8-0e04-477c-ac93-1cc73faf2315","part-b-criterion-03","1","true","3","medium","The direction of time-of-day bias for an unspecified response cannot be determined without knowing how excluded groups differ."
"apstats-frq-u12-013","4b713cd8-0e04-477c-ac93-1cc73faf2315","part-b-criterion-04","1","true","3","medium","The direction of time-of-day bias for an unspecified response cannot be determined without knowing how excluded groups differ."
"apstats-frq-u12-013","4b713cd8-0e04-477c-ac93-1cc73faf2315","part-c-criterion-01","1","true","5","medium","The direction of time-of-day bias for an unspecified response cannot be determined without knowing how excluded groups differ."
"apstats-frq-u12-013","4b713cd8-0e04-477c-ac93-1cc73faf2315","part-c-criterion-02","1","true","5","medium","The direction of time-of-day bias for an unspecified response cannot be determined without knowing how excluded groups differ."
"apstats-frq-u12-013","4b713cd8-0e04-477c-ac93-1cc73faf2315","part-c-criterion-03","1","true","5","medium","The direction of time-of-day bias for an unspecified response cannot be determined without knowing how excluded groups differ."
"apstats-frq-u12-013","4b713cd8-0e04-477c-ac93-1cc73faf2315","part-c-criterion-04","1","true","5","medium","The direction of time-of-day bias for an unspecified response cannot be determined without knowing how excluded groups differ."
"apstats-frq-u12-014","f3b2730e-2ea9-4ab9-ad22-01566fa117e3","part-a-criterion-01","1","true","1","high",""
"apstats-frq-u12-014","f3b2730e-2ea9-4ab9-ad22-01566fa117e3","part-a-criterion-02","1","true","1","high",""
"apstats-frq-u12-014","f3b2730e-2ea9-4ab9-ad22-01566fa117e3","part-a-criterion-03","1","true","1","high",""
"apstats-frq-u12-014","f3b2730e-2ea9-4ab9-ad22-01566fa117e3","part-a-criterion-04","1","true","1","high",""
"apstats-frq-u12-014","f3b2730e-2ea9-4ab9-ad22-01566fa117e3","part-b-criterion-01","1","true","3","high",""
"apstats-frq-u12-014","f3b2730e-2ea9-4ab9-ad22-01566fa117e3","part-b-criterion-02","1","true","3","high",""
"apstats-frq-u12-014","f3b2730e-2ea9-4ab9-ad22-01566fa117e3","part-b-criterion-03","1","true","3","high",""
"apstats-frq-u12-014","f3b2730e-2ea9-4ab9-ad22-01566fa117e3","part-c-criterion-01","1","true","5","high",""
"apstats-frq-u12-014","f3b2730e-2ea9-4ab9-ad22-01566fa117e3","part-c-criterion-02","1","true","5","high",""
"apstats-frq-u12-014","f3b2730e-2ea9-4ab9-ad22-01566fa117e3","part-c-criterion-03","1","true","5","high",""
"apstats-frq-u12-015","0838c759-dc87-4acf-ac86-06057344b531","part-a-criterion-01","1","true","1","high",""
"apstats-frq-u12-015","0838c759-dc87-4acf-ac86-06057344b531","part-a-criterion-02","1","true","1","high",""
"apstats-frq-u12-015","0838c759-dc87-4acf-ac86-06057344b531","part-b-criterion-01","1","true","3","high",""
"apstats-frq-u12-015","0838c759-dc87-4acf-ac86-06057344b531","part-b-criterion-02","1","true","3","high",""
"apstats-frq-u12-015","0838c759-dc87-4acf-ac86-06057344b531","part-b-criterion-03","1","true","3","high",""
"apstats-frq-u12-015","0838c759-dc87-4acf-ac86-06057344b531","part-c-criterion-01","1","true","5","high",""
"apstats-frq-u12-015","0838c759-dc87-4acf-ac86-06057344b531","part-c-criterion-02","1","true","5","high",""
"apstats-frq-u12-015","0838c759-dc87-4acf-ac86-06057344b531","part-c-criterion-03","1","true","5","high",""
"apstats-frq-u12-015","0838c759-dc87-4acf-ac86-06057344b531","part-d-criterion-01","1","true","7","high",""
"apstats-frq-u12-015","0838c759-dc87-4acf-ac86-06057344b531","part-d-criterion-02","1","true","7","high",""
"apstats-frq-u12-016","c41a14bc-0ecb-42a3-ac92-4837389d9ac5","part-a-criterion-01","1","true","1","high",""
"apstats-frq-u12-016","c41a14bc-0ecb-42a3-ac92-4837389d9ac5","part-a-criterion-02","1","true","1","high",""
"apstats-frq-u12-016","c41a14bc-0ecb-42a3-ac92-4837389d9ac5","part-b-criterion-01","1","true","3","high",""
"apstats-frq-u12-016","c41a14bc-0ecb-42a3-ac92-4837389d9ac5","part-b-criterion-02","1","true","3","high",""
"apstats-frq-u12-016","c41a14bc-0ecb-42a3-ac92-4837389d9ac5","part-b-criterion-03","1","true","3","high",""
"apstats-frq-u12-016","c41a14bc-0ecb-42a3-ac92-4837389d9ac5","part-c-criterion-01","1","true","5","high",""
"apstats-frq-u12-016","c41a14bc-0ecb-42a3-ac92-4837389d9ac5","part-c-criterion-02","1","true","5","high",""
"apstats-frq-u12-016","c41a14bc-0ecb-42a3-ac92-4837389d9ac5","part-c-criterion-03","1","true","5","high",""
"apstats-frq-u12-016","c41a14bc-0ecb-42a3-ac92-4837389d9ac5","part-d-criterion-01","1","true","7","high",""
"apstats-frq-u12-016","c41a14bc-0ecb-42a3-ac92-4837389d9ac5","part-d-criterion-02","1","true","7","high",""
"apstats-frq-u12-017","3de3974f-38ba-408d-abe6-69de5d0eff8c","part-a-criterion-01","1","true","1","high",""
"apstats-frq-u12-017","3de3974f-38ba-408d-abe6-69de5d0eff8c","part-a-criterion-02","1","true","1","high",""
"apstats-frq-u12-017","3de3974f-38ba-408d-abe6-69de5d0eff8c","part-b-criterion-01","1","true","3","high",""
"apstats-frq-u12-017","3de3974f-38ba-408d-abe6-69de5d0eff8c","part-b-criterion-02","1","true","3","high",""
"apstats-frq-u12-017","3de3974f-38ba-408d-abe6-69de5d0eff8c","part-b-criterion-03","1","true","3","high",""
"apstats-frq-u12-017","3de3974f-38ba-408d-abe6-69de5d0eff8c","part-c-criterion-01","1","true","5","high",""
"apstats-frq-u12-017","3de3974f-38ba-408d-abe6-69de5d0eff8c","part-c-criterion-02","1","true","5","high",""
"apstats-frq-u12-017","3de3974f-38ba-408d-abe6-69de5d0eff8c","part-c-criterion-03","1","true","5","high",""
"apstats-frq-u12-017","3de3974f-38ba-408d-abe6-69de5d0eff8c","part-d-criterion-01","1","true","7","high",""
"apstats-frq-u12-017","3de3974f-38ba-408d-abe6-69de5d0eff8c","part-d-criterion-02","1","true","7","high",""
"apstats-frq-u12-018","a115bde8-0657-4607-aa4a-4a46ed141af3","part-a-criterion-01","1","true","1","high",""
"apstats-frq-u12-018","a115bde8-0657-4607-aa4a-4a46ed141af3","part-a-criterion-02","1","true","1","high",""
"apstats-frq-u12-018","a115bde8-0657-4607-aa4a-4a46ed141af3","part-a-criterion-03","1","true","1","high",""
"apstats-frq-u12-018","a115bde8-0657-4607-aa4a-4a46ed141af3","part-b-criterion-01","1","true","3","high",""
"apstats-frq-u12-018","a115bde8-0657-4607-aa4a-4a46ed141af3","part-b-criterion-02","1","true","3","high",""
"apstats-frq-u12-018","a115bde8-0657-4607-aa4a-4a46ed141af3","part-b-criterion-03","1","true","3","high",""
"apstats-frq-u12-018","a115bde8-0657-4607-aa4a-4a46ed141af3","part-c-criterion-01","1","true","5","high",""
"apstats-frq-u12-018","a115bde8-0657-4607-aa4a-4a46ed141af3","part-c-criterion-02","1","true","5","high",""
"apstats-frq-u12-018","a115bde8-0657-4607-aa4a-4a46ed141af3","part-c-criterion-03","1","true","5","high",""
"apstats-frq-u12-018","a115bde8-0657-4607-aa4a-4a46ed141af3","part-d-criterion-01","1","true","7","high",""
"apstats-frq-u12-019","1147fd77-60f7-4fb4-a485-e0100e05c21f","part-a-criterion-01","1","true","1","high",""
"apstats-frq-u12-019","1147fd77-60f7-4fb4-a485-e0100e05c21f","part-a-criterion-02","1","true","1","high",""
"apstats-frq-u12-019","1147fd77-60f7-4fb4-a485-e0100e05c21f","part-b-criterion-01","1","true","3","high",""
"apstats-frq-u12-019","1147fd77-60f7-4fb4-a485-e0100e05c21f","part-b-criterion-02","1","true","3","high",""
"apstats-frq-u12-019","1147fd77-60f7-4fb4-a485-e0100e05c21f","part-c-criterion-01","1","true","5","high",""
"apstats-frq-u12-019","1147fd77-60f7-4fb4-a485-e0100e05c21f","part-c-criterion-02","1","true","5","high",""
"apstats-frq-u12-019","1147fd77-60f7-4fb4-a485-e0100e05c21f","part-c-criterion-03","1","true","5","high",""
"apstats-frq-u12-019","1147fd77-60f7-4fb4-a485-e0100e05c21f","part-c-criterion-04","1","true","5","high",""
"apstats-frq-u12-019","1147fd77-60f7-4fb4-a485-e0100e05c21f","part-d-criterion-01","1","true","7","high",""
"apstats-frq-u12-019","1147fd77-60f7-4fb4-a485-e0100e05c21f","part-d-criterion-02","1","true","7","high",""
"apstats-frq-u12-020","3449fff0-009e-4ffc-ac1f-ef1c77c0b670","part-a-criterion-01","1","true","1","medium","The corrected South median and maximum cannot be calculated exactly from the supplied five-number summary alone; the answer states only supported direction and rank consequences."
"apstats-frq-u12-020","3449fff0-009e-4ffc-ac1f-ef1c77c0b670","part-a-criterion-02","1","true","1","medium","The corrected South median and maximum cannot be calculated exactly from the supplied five-number summary alone; the answer states only supported direction and rank consequences."
"apstats-frq-u12-020","3449fff0-009e-4ffc-ac1f-ef1c77c0b670","part-a-criterion-03","1","true","1","medium","The corrected South median and maximum cannot be calculated exactly from the supplied five-number summary alone; the answer states only supported direction and rank consequences."
"apstats-frq-u12-020","3449fff0-009e-4ffc-ac1f-ef1c77c0b670","part-b-criterion-01","1","true","3","medium","The corrected South median and maximum cannot be calculated exactly from the supplied five-number summary alone; the answer states only supported direction and rank consequences."
"apstats-frq-u12-020","3449fff0-009e-4ffc-ac1f-ef1c77c0b670","part-b-criterion-02","1","true","3","medium","The corrected South median and maximum cannot be calculated exactly from the supplied five-number summary alone; the answer states only supported direction and rank consequences."
"apstats-frq-u12-020","3449fff0-009e-4ffc-ac1f-ef1c77c0b670","part-b-criterion-03","1","true","3","medium","The corrected South median and maximum cannot be calculated exactly from the supplied five-number summary alone; the answer states only supported direction and rank consequences."
"apstats-frq-u12-020","3449fff0-009e-4ffc-ac1f-ef1c77c0b670","part-c-criterion-01","1","true","5","medium","The corrected South median and maximum cannot be calculated exactly from the supplied five-number summary alone; the answer states only supported direction and rank consequences."
"apstats-frq-u12-020","3449fff0-009e-4ffc-ac1f-ef1c77c0b670","part-c-criterion-02","1","true","5","medium","The corrected South median and maximum cannot be calculated exactly from the supplied five-number summary alone; the answer states only supported direction and rank consequences."
"apstats-frq-u12-020","3449fff0-009e-4ffc-ac1f-ef1c77c0b670","part-c-criterion-03","1","true","5","medium","The corrected South median and maximum cannot be calculated exactly from the supplied five-number summary alone; the answer states only supported direction and rank consequences."
"apstats-frq-u12-020","3449fff0-009e-4ffc-ac1f-ef1c77c0b670","part-c-criterion-04","1","true","5","medium","The corrected South median and maximum cannot be calculated exactly from the supplied five-number summary alone; the answer states only supported direction and rank consequences."
"STATS-MOD1-E001","500a0a0c-f82d-498c-a53d-c523624edda7","definitions","1","true","1","high",""
"STATS-MOD1-E002","f99d019c-6b73-4f89-bd9e-9dc731e6b5f3","variable_classification","1","true","1","high",""
"STATS-MOD1-E003","76ca33ec-f07a-4bf6-83f6-d45bd2fb4c7b","population_sample","1","true","1","high",""
"STATS-MOD1-E005","f4297ecb-da88-4422-a13a-d347231ebc68","parameter_statistic","1","true","1","high",""
"STATS-MOD1-M001","b2f2de47-2c10-4b83-bf97-89cdfd695e18","sampling_methods","1","true","1","high",""
"STATS-MOD3-H006","cdcd1b0e-f691-4e4e-9fa8-ac68d393cfa0","bimodal_analysis","1","true","1","high",""
"STATS-MOD3-M006","8bf641e9-9524-47d4-8062-cbde41e6574e","percentile_zscore","1","true","1","high",""
"STATS-MOD3-M007","90fdfeba-dc7f-464c-9420-06a78ddb1830","standard_normal_utility","1","true","1","high",""
"STATS-MOD4-E005","f112c2b6-7101-4fb9-bee4-94d2c90ef8c4","experiment_vs_survey","1","true","1","high",""
"STATS-MOD4-H012","a52543cb-3b89-4cdf-ab6c-33698e75d9a6","double_blind_importance","1","true","1","high",""
"STATS-MOD4-M009","3e2d90af-711c-4c4c-a090-fed3cebd2159","matched_pairs_design","1","true","1","high",""
"STATS-MOD9-H018","b539a1fe-8edb-49ef-ae56-c5e28f9bae10","power_sample_size","1","true","1","high",""
