content_item_id,subject_key,canonical_answer_1_present,canonical_answer_matches_rubric,parts_structured,proposed_canonical_answer,flags,needs_human
3a187fa6-d745-463a-be2b-49579aa87a84,ap-statistics,false,na,false,"DRAFT PROPOSAL FOR HUMAN APPROVAL ONLY. Answer each rubric criterion explicitly: distribution_shape: To earn this point, make sure your response: correctly identifies skewed left or negative skew as most scores cluster at higher values",Draft is rubric-derived and requires human subject-matter approval.,true
649b4aec-efb7-4ed1-a606-6b873ed321b8,ap-statistics,false,na,false,"DRAFT PROPOSAL FOR HUMAN APPROVAL ONLY. Answer each rubric criterion explicitly: correlation_causation: To earn this point, make sure your response: correctly answers no and explains that correlation does not imply causation",Draft is rubric-derived and requires human subject-matter approval.,true
d2ac22b2-f075-41df-a05d-897aa44f436b,ap-statistics,false,na,false,"DRAFT PROPOSAL FOR HUMAN APPROVAL ONLY. Answer each rubric criterion explicitly: bias_identification: To earn this point, make sure your response: correctly identifies selection bias and explains its effect on the estimate (underestimates or overestimates daily average) | ci_calculation: To earn this point, make sure your response: correctly calculates 95% CI using a t-procedure (df = 29, since population sigma is unknown): 850 ± 2.045(120/√30) ≈ 850 ± 44.8 ≈ (805.2, 894.8) | ci_interpretation: To earn this point, make sure your response: interprets interval in context and discusses variability in daily sales | hypothesis_test: To earn this point, make sure your response: conducts one-sample t-test with H₀: μ = 800, interprets p-value, and makes conclusion in context | improved_sampling_design: To earn this point, make sure your response: proposes systematic or random sampling across all days; justifies sample size; addresses representativeness",Draft is rubric-derived and requires human subject-matter approval.,true
e053bb22-4805-44ab-9003-36b2e93987ab,ap-statistics,false,na,false,"DRAFT PROPOSAL FOR HUMAN APPROVAL ONLY. Answer each rubric criterion explicitly: blocking_decision: To earn this point, make sure your response: correctly identifies measurement time as a potential blocking factor and explains how blocking would improve precision | experimental_design: To earn this point, make sure your response: clearly specifies treatment/control groups, random assignment method, and addresses at least two confounding variables | hypothesis_test_execution: To earn this point, make sure your response: conducts two-sample t-test, calculates t-statistic correctly, and makes appropriate conclusion at α = 0.05 | significance_interpretation: To earn this point, make sure your response: distinguishes statistical significance (p < α) from practical significance (4 bpm difference may/may not be clinically meaningful)",Draft is rubric-derived and requires human subject-matter approval.,true
40c0226d-ff9d-4927-8c72-75b1cdbc2dd2,ap-statistics,false,na,false,DRAFT PROPOSAL FOR HUMAN APPROVAL ONLY. Answer each rubric criterion explicitly: design-groups: Name a treatment group that receives tutoring and a control group that does not. | design-outcome: Name a specific performance measure and describe comparing it between the treatment and control groups. | design-random-assignment: State that students are randomly assigned to the treatment or control group.,Draft is rubric-derived and requires human subject-matter approval.,true
a2a8e8f7-f1f4-444f-a31d-cef8ec4d3c11,ap-statistics,false,na,false,"DRAFT PROPOSAL FOR HUMAN APPROVAL ONLY. Answer each rubric criterion explicitly: census_vs_sample: To earn this point, make sure your response: distinguishes census (all units) from sample (subset), and provides appropriate contexts for each",Draft is rubric-derived and requires human subject-matter approval.,true
c2f7d698-bd32-4f2e-bb91-c2119089c233,ap-statistics,false,na,false,"DRAFT PROPOSAL FOR HUMAN APPROVAL ONLY. Answer each rubric criterion explicitly: visual_description: To earn this point, make sure your response: identifies a positive, roughly linear, moderate-to-strong relationship and no obvious outliers",Draft is rubric-derived and requires human subject-matter approval.,true
c620d7d3-1a93-49ac-8d81-654c7767125f,ap-statistics,false,na,false,"DRAFT PROPOSAL FOR HUMAN APPROVAL ONLY. Answer each rubric criterion explicitly: causation_vs_correlation: To earn this point, make sure your response: correctly concludes no causation from correlation; explicitly discusses confounding variable possibility | confounding_variables: To earn this point, make sure your response: identifies three plausible confounders (e.g., personality type, sleep, peer relationships) with explanations | experimental_advantage: To earn this point, make sure your response: explains how randomization and control group reduce confounding and allow causal inference | experimental_conclusion: To earn this point, make sure your response: correctly interprets p-value and makes conclusion in context; identifies at least two assumptions (e.g., normality, independence)",Draft is rubric-derived and requires human subject-matter approval.,true
6a376f40-6f50-42b9-b478-27f91cd92aa1,ap-statistics,false,na,false,"DRAFT PROPOSAL FOR HUMAN APPROVAL ONLY. Answer each rubric criterion explicitly: descriptive_statistics: To earn this point, make sure your response: correctly calculates mean as 20 and sample standard deviation as approximately 7.91",Draft is rubric-derived and requires human subject-matter approval.,true
d070712f-9e57-4a0b-8af1-ef22b932dd3d,ap-statistics,false,na,false,"DRAFT PROPOSAL FOR HUMAN APPROVAL ONLY. Answer each rubric criterion explicitly: conclusion: To earn this point, make sure your response: makes appropriate conclusion based on p-value and significance level | hypotheses_setup: To earn this point, make sure your response: correctly states null and alternative hypotheses | test_calculation: To earn this point, make sure your response: correctly calculates t-statistic and degrees of freedom",Draft is rubric-derived and requires human subject-matter approval.,true
a067f214-64d3-48f4-b267-c41ce5fc5e5d,ap-statistics,false,na,false,"DRAFT PROPOSAL FOR HUMAN APPROVAL ONLY. Answer each rubric criterion explicitly: exploratory_analysis: To earn this point, make sure your response: describes a moderately strong positive linear association using r = 0.75 and the supplied summaries | model_recommendation: To earn this point, make sure your response: recommends cautious within-range prediction, interprets R² = 0.5625, and discusses uncertainty and extrapolation limits | regression_fitting: To earn this point, make sure your response: interprets slope 0.0025 GPA points per SAT point and notes that the intercept at SAT = 0 is outside context | residual_diagnostics: To earn this point, make sure your response: uses the random zero-centered residuals and constant spread to support linearity and equal variance, while noting normality is not established by this description",Draft is rubric-derived and requires human subject-matter approval.,true
5808c609-bc29-476a-a404-afa15124ebf3,ap-statistics,false,na,false,"DRAFT PROPOSAL FOR HUMAN APPROVAL ONLY. Answer each rubric criterion explicitly: confidence_interval_interpretation: To earn this point, make sure your response: correctly interprets that there's 95% confidence the population mean is between 45 and 55",Draft is rubric-derived and requires human subject-matter approval.,true
7d8d53e7-8dc5-4175-b972-688ffe5f9edf,ap-statistics,false,na,false,"DRAFT PROPOSAL FOR HUMAN APPROVAL ONLY. Answer each rubric criterion explicitly: chi_square_test: To earn this point, make sure your response: calculates chi-square statistic correctly, identifies degrees of freedom, finds p-value, and makes conclusion at α = 0.05 | contextual_interpretation: To earn this point, make sure your response: concludes about association in context; discusses limitations (e.g., causation, sampling method, self-report bias, generalizability) | contingency_table: To earn this point, make sure your response: correctly constructs complete table with proper row/column organization, all counts, and marginal totals from given percentages | probability_analysis: To earn this point, make sure your response: calculates conditional probabilities (e.g., P(STEM|low anxiety), P(STEM|high anxiety)) and interprets differences meaningfully",Draft is rubric-derived and requires human subject-matter approval.,true
35c5517b-23ad-497f-8eb5-10a36b7bcc11,ap-statistics,false,na,false,"DRAFT PROPOSAL FOR HUMAN APPROVAL ONLY. Answer each rubric criterion explicitly: slope_interpretation: To earn this point, make sure your response: correctly interprets that for each unit increase in x, y increases by 3 units on average",Draft is rubric-derived and requires human subject-matter approval.,true
0d5cc3fa-48fa-44d6-a0c9-c8e9d6067a6e,ap-statistics,false,na,true,"DRAFT PROPOSAL FOR HUMAN APPROVAL ONLY. Answer each rubric criterion explicitly: part-a-criterion-01: Recompute each count divided by the total of 80 students. | part-a-criterion-02: Add the division step for at least one category, e.g., 32 ÷ 80. | part-b-criterion-01: Redraw bars so their heights match the computed relative frequencies or counts in the correct rank order. | part-b-criterion-02: Add axis labels identifying the categories and the count/relative-frequency scale, plus a title. | part-b-criterion-03: Redraw with uniform bar widths and gaps between bars. | part-c-criterion-01: Reread the counts/relative frequencies and identify the largest (Sports) and smallest (Music) categories. | part-c-criterion-02: Add a numeric comparison between the most and least common categories using the computed values. | part-d-criterion-01: State that activity is a categorical variable since its values are named groups, not numbers. | part-d-criterion-02: Explain that bar graphs display counts/frequencies for distinct category labels. | part-d-criterion-03: Add that histograms are for quantitative variables with numeric intervals, which activity data does not have.",Draft is rubric-derived and requires human subject-matter approval.,true
d49c417a-ffc9-4836-a070-bd356e021b69,ap-statistics,false,na,true,DRAFT PROPOSAL FOR HUMAN APPROVAL ONLY. Answer each rubric criterion explicitly: part-a-criterion-01: Use the addition rule for mutually exclusive events: P(red or blue) = P(red) + P(blue). | part-a-criterion-02: Recompute 3/8 + 2/8. | part-b-criterion-01: Apply the complement rule using P(green) = 2/8. | part-b-criterion-02: Recompute 1 − 2/8. | part-c-criterion-01: State the classification: mutually exclusive. | part-c-criterion-02: Explain that a single spin cannot simultaneously produce two different colors. | part-c-criterion-03: State that mutually exclusive events satisfy P(A and B) = 0. | part-d-criterion-01: Apply the multiplication rule for independent events: P(A and B) = P(A) × P(B). | part-d-criterion-02: Set up the product of the two individual probabilities of red. | part-d-criterion-03: Recompute (3/8) × (3/8).,Draft is rubric-derived and requires human subject-matter approval.,true
614b65b6-f98c-4319-ae0a-b540ce47233d,ap-statistics,false,na,true,"DRAFT PROPOSAL FOR HUMAN APPROVAL ONLY. Answer each rubric criterion explicitly: part-a-criterion-01: State that digits should be read in groups of three to match the three-digit ID labels. | part-a-criterion-02: Add a rule to skip any group outside the range 001–400. | part-a-criterion-03: Add that already-selected ID numbers are skipped if they reappear. | part-a-criterion-04: Conclude by stating the sample consists of the students whose ID numbers were drawn. | part-b-criterion-01: State that surveying only one lunch period is a convenience sample, not representative of all students. | part-b-criterion-02: Explain that an SRS gives each of the 400 students an equal chance of being selected. | part-b-criterion-03: Add that opinions may vary by lunch period, so excluding other periods could bias the results. | part-c-criterion-01: Set up the ratio of sample size to population size. | part-c-criterion-02: Use sample size 15 and population size 400. | part-c-criterion-03: Recompute 15 ÷ 400.",Draft is rubric-derived and requires human subject-matter approval.,true
66dba214-f1d0-41ba-a52e-1e16996ce0d7,ap-statistics,false,na,true,DRAFT PROPOSAL FOR HUMAN APPROVAL ONLY. Answer each rubric criterion explicitly: part-a-criterion-01: Recompute the sum of all 12 values and divide by 12. | part-a-criterion-02: Order the data and average the 6th and 7th values. | part-a-criterion-03: Show the sorted list of 12 values before computing the median. | part-b-criterion-01: Describe the distribution as right-skewed because of the unusually high value of 61. | part-b-criterion-02: State the numeric relationship: mean 30 is greater than median 28. | part-b-criterion-03: Explain that extreme high values inflate the mean but do not affect the median as strongly. | part-c-criterion-01: State that the median should be used to describe the typical distance. | part-c-criterion-02: Explain that the outlier (61) makes the mean an unrepresentative measure of a typical runner's distance. | part-c-criterion-03: Split the ordered data into lower and upper halves and find the median of each half. | part-c-criterion-04: Recompute Q3 minus Q1.,Draft is rubric-derived and requires human subject-matter approval.,true
c19e2b4d-b0f5-4944-a4d9-46840f005aab,ap-statistics,false,na,true,"DRAFT PROPOSAL FOR HUMAN APPROVAL ONLY. Answer each rubric criterion explicitly: a: Compute IQR = Q3-Q1, compute the upper fence = Q3+1.5*IQR, and compare 90 to the fence to state the conclusion. | b: Draw the box at Q1/median/Q3, whiskers to the most extreme non-outlier values, and 90 as a separate outlier point. | c1: State the distribution is right-skewed and support it with a numeric comparison from the data. | c2: State that median/IQR is preferred and explain that mean/SD are not resistant to outliers/skew.",Draft is rubric-derived and requires human subject-matter approval.,true
c9e06a78-dfe6-49eb-a069-5a3bf2aa1ad7,ap-statistics,false,na,true,"DRAFT PROPOSAL FOR HUMAN APPROVAL ONLY. Answer each rubric criterion explicitly: part-a-criterion-01: Recompute each row total divided by 200. | part-a-criterion-02: Show the division of each service's total count by the grand total of 200. | part-b-criterion-01: Divide each Under-30 cell by the Under-30 column total of 80. | part-b-criterion-02: Divide each 30-and-Over cell by the column total of 120. | part-b-criterion-03: Show the division step using the correct column total for each age group. | part-c-criterion-01: Compare the leading service in each conditional distribution using the computed percentages. | part-c-criterion-02: State the conclusion that age group and preference appear associated. | part-c-criterion-03: Ground the comparison in the conditional distributions computed in part B rather than raw counts. | part-d-criterion-01: Use the joint cell count for Under 30 and Service C, divided by 200. | part-d-criterion-02: Recompute 8 ÷ 200.",Draft is rubric-derived and requires human subject-matter approval.,true
fd23b590-846f-49cc-a45d-16ff3d187c67,ap-statistics,false,na,true,"DRAFT PROPOSAL FOR HUMAN APPROVAL ONLY. Answer each rubric criterion explicitly: part-a-criterion-01: Recompute 92% and 8% of the 150 people with the allergy. | part-a-criterion-02: Recompute 6% and 94% of the 850 people without the allergy. | part-a-criterion-03: Sum each column (positive and negative) across both rows. | part-b-criterion-01: Set up P(allergy | positive) using the table from part A. | part-b-criterion-02: Use the allergy-and-positive count of 138 as the numerator. | part-b-criterion-03: Use the total positive count of 189 as the denominator. | part-b-criterion-04: Recompute 138 ÷ 189. | part-c-criterion-01: State that 92% conditions on having the allergy, while part B conditions on testing positive — these are different quantities. | part-c-criterion-02: Explain that the small allergy group combined with a nonzero false positive rate produces many false positives among all positives. | part-c-criterion-03: Reference the specific counts of false positives and true positives from the table.",Draft is rubric-derived and requires human subject-matter approval.,true
ee476290-e8fa-491d-ad5f-49a9e4a51f25,ap-statistics,false,na,true,"DRAFT PROPOSAL FOR HUMAN APPROVAL ONLY. Answer each rubric criterion explicitly: part-a-criterion-01: Recompute each outcome's probability as its ball count divided by 20. | part-a-criterion-02: Set up E(X) as the sum of each winnings value times its probability. | part-a-criterion-03: Recompute the weighted sum of the four products. | part-b-criterion-01: Compare the expected winnings to the $5 cost and state whether the game is fair. | part-b-criterion-02: Clarify that E(X) describes long-run average behavior, not a single play's outcome. | part-c-criterion-01: Recompute the weighted sum of the squared winnings values. | part-c-criterion-02: Subtract [E(X)]² from E(X²). | part-c-criterion-03: Take the square root of the variance. | part-d-criterion-01: Explain that an SD of $11 reflects large swings between possible outcomes relative to the mean of $5. | part-d-criterion-02: State that a smaller SD (like $2) means outcomes are more consistent and less risky than this game.",Draft is rubric-derived and requires human subject-matter approval.,true
d96694c3-cce5-407b-ae36-1656d7ce1164,ap-statistics,false,na,true,"DRAFT PROPOSAL FOR HUMAN APPROVAL ONLY. Answer each rubric criterion explicitly: part-a-criterion-01: State that there are a fixed number of attempts (6), each resulting in make or miss. | part-a-criterion-02: State that each attempt is independent with the same 0.75 probability of success. | part-b-criterion-01: Set up P(X=4) using the binomial formula with n=6, p=0.75. | part-b-criterion-02: Recompute the number of ways to choose 4 successes out of 6 trials. | part-b-criterion-03: Recompute (0.75)^4 times (0.25)^2. | part-b-criterion-04: Multiply 15 by the probability portion to get the final answer. | part-c-criterion-01: Use the binomial mean formula μ = np. | part-c-criterion-02: Recompute 6 × 0.75. | part-c-criterion-03: Use the binomial SD formula σ = √(np(1−p)). | part-c-criterion-04: Recompute √(6 × 0.75 × 0.25).",Draft is rubric-derived and requires human subject-matter approval.,true
8a42ff98-03a4-4ba2-ac27-296c1932def9,ap-statistics,false,na,true,"DRAFT PROPOSAL FOR HUMAN APPROVAL ONLY. Answer each rubric criterion explicitly: part-a-criterion-01: Describe a specific random mechanism for assigning plants to the two fertilizer groups. | part-a-criterion-02: Explain that randomization tends to balance lurking variables between the two groups. | part-a-criterion-03: State that this allows differences in yield to be attributed to the fertilizer rather than other factors. | part-b-criterion-01: Describe treating each of the 4 shelves as a block. | part-b-criterion-02: Explain that blocking reduces variability caused by differing light exposure between shelves. | part-b-criterion-03: State that randomization of fertilizer type still happens within each shelf/block. | part-c-criterion-01: Identify fertilizer type as the explanatory variable. | part-c-criterion-02: Identify bean yield as the response variable. | part-d-criterion-01: State that the researcher imposes the fertilizer treatment rather than observing pre-existing groups. | part-d-criterion-02: Explain that imposing treatment allows for a cause-and-effect conclusion, unlike an observational study.",Draft is rubric-derived and requires human subject-matter approval.,true
a4913da2-8e3b-4524-af90-74a5eb559735,ap-statistics,false,na,true,"DRAFT PROPOSAL FOR HUMAN APPROVAL ONLY. Answer each rubric criterion explicitly: part-a-criterion-01: Recompute (650 − 500) ÷ 90. | part-a-criterion-02: Find the area to the right of z = 1.67 under the standard normal curve. | part-a-criterion-03: Recompute 1 minus the cumulative probability at z ≈ 1.67. | part-b-criterion-01: Find the z-score corresponding to the 90th percentile of the standard normal distribution. | part-b-criterion-02: Use score = μ + zσ to convert the z-score to a raw score. | part-b-criterion-03: Recompute 500 + 1.28 × 90. | part-c-criterion-01: State that the distribution of the sample mean is used, since the population is normal and/or n is reasonably large. | part-c-criterion-02: Recompute 90 divided by the square root of 36. | part-c-criterion-03: Recompute (520 − 500) ÷ 15. | part-c-criterion-04: Recompute 1 minus the cumulative probability at z ≈ 1.33.",Draft is rubric-derived and requires human subject-matter approval.,true
4621efff-f4e8-4fd8-ac47-0c5600406d6c,ap-statistics,false,na,true,"DRAFT PROPOSAL FOR HUMAN APPROVAL ONLY. Answer each rubric criterion explicitly: part-a-criterion-01: Recompute the Downtown sum divided by 9, and the middle value of the sorted Downtown data. | part-a-criterion-02: Recompute the Suburban sum divided by 9, and the middle value of the sorted Suburban data. | part-b-criterion-01: Describe Downtown's shape as right-skewed (due to 55) and Suburban's as roughly symmetric. | part-b-criterion-02: Compare the medians or means of the two offices and state which is higher. | part-b-criterion-03: Compute and compare the ranges (or IQRs) of the two data sets. | part-b-criterion-04: Rewrite the comparisons using direct comparative language between the two offices. | part-c-criterion-01: Split the Downtown data into lower and upper halves (excluding the median) to find Q1 and Q3, then compute the upper fence. | part-c-criterion-02: Compare 55 to the computed upper fence and state the conclusion. | part-d-criterion-01: State that the median is not affected as strongly by outliers or skewed data as the mean is. | part-d-criterion-02: Explain that the 55-minute outlier inflates the Downtown mean, distorting a comparison based on means.",Draft is rubric-derived and requires human subject-matter approval.,true
f7dbe26b-eb58-4ae1-a30a-c31b65767ee3,ap-statistics,false,na,true,"DRAFT PROPOSAL FOR HUMAN APPROVAL ONLY. Answer each rubric criterion explicitly: part-a-criterion-01: Identify the method as a convenience sample. | part-a-criterion-02: State that the adults were selected based on availability/location, not by random selection. | part-b-criterion-01: Explain how sampling at a physical store location could underrepresent frequent online shoppers. | part-b-criterion-02: State that this bias would likely cause an underestimate of the online-shopping proportion. | part-b-criterion-03: Explain how sampling on a weekday afternoon excludes many employed adults. | part-b-criterion-04: State a distinct effect of the time-based bias on the estimate, different from the location-based reasoning. | part-c-criterion-01: Propose a specific alternative sampling method, such as a random sample from a citywide resident list. | part-c-criterion-02: Add a random selection mechanism to the proposed method. | part-c-criterion-03: Explain how the proposed method includes adults who would not be captured at the mall. | part-c-criterion-04: Explain how the proposed method includes adults unavailable on a weekday afternoon.",Draft is rubric-derived and requires human subject-matter approval.,true
f4ca034a-6b6b-4a24-ae04-4ffb82eef35f,ap-statistics,false,na,true,"DRAFT PROPOSAL FOR HUMAN APPROVAL ONLY. Answer each rubric criterion explicitly: part-a-criterion-01: Assign 4 of the 10 single digits to represent a made kick, matching the 40% probability. | part-a-criterion-02: State that each simulated trial consists of 5 digits, one per attempt. | part-a-criterion-03: Describe counting made-digits per trial and checking whether the count is 2 or more. | part-a-criterion-04: Add that the simulation is repeated many times and the probability is estimated as the fraction of trials with at least 2 makes. | part-b-criterion-01: Recount which digits in Trial 1 fall in the 0–3 range. | part-b-criterion-02: Recount which digits in Trial 2 fall in the 0–3 range. | part-b-criterion-03: Recount which digits in Trial 3 fall in the 0–3 range. | part-c-criterion-01: Recompute 27 divided by 50. | part-c-criterion-02: State the estimate as a probability/percentage in context. | part-c-criterion-03: Add that this estimate is approximate and could change with additional simulated trials.",Draft is rubric-derived and requires human subject-matter approval.,true
c15d8495-3926-4af0-a56d-b0ebd3901957,ap-statistics,false,na,true,"DRAFT PROPOSAL FOR HUMAN APPROVAL ONLY. Answer each rubric criterion explicitly: part-a-criterion-01: Apply the general addition rule: P(S or B) = P(S) + P(B) − P(S and B). | part-a-criterion-02: Recompute 0.20 + 0.15 − 0.05. | part-b-criterion-01: State the classification: not mutually exclusive. | part-b-criterion-02: State that mutually exclusive events require P(S and B) = 0, but here it is 0.05. | part-b-criterion-03: Explain that laptops needing both repairs exist, so the events are not mutually exclusive. | part-c-criterion-01: State the classification: not independent. | part-c-criterion-02: Compute P(S) × P(B) and compare it to the given joint probability of 0.05. | part-c-criterion-03: Explain that unequal values (0.03 vs. 0.05) indicate the two repair needs are associated, not independent. | part-d-criterion-01: Set up the conditional probability formula P(B|S) = P(S and B) / P(S). | part-d-criterion-02: Recompute 0.05 divided by 0.20.",Draft is rubric-derived and requires human subject-matter approval.,true
81508254-a2e0-4906-ae6f-e7a63e0ad431,ap-statistics,false,na,true,"DRAFT PROPOSAL FOR HUMAN APPROVAL ONLY. Answer each rubric criterion explicitly: part-a-criterion-01: List both possible payout amounts: $0 and $20,000. | part-a-criterion-02: Pair each payout with its correct probability (0.98 and 0.02). | part-b-criterion-01: Recompute 20000 × 0.02. | part-b-criterion-02: Subtract the expected payout from the $500 revenue per policy. | part-b-criterion-03: Recompute 500 − 400. | part-c-criterion-01: Recompute 20000 squared times 0.02. | part-c-criterion-02: Subtract [E(Y)]² from E(Y²). | part-c-criterion-03: Take the square root of the variance. | part-d-criterion-01: Explain that with many independent policies, the average outcome converges toward the expected value. | part-d-criterion-02: Contrast the high relative variability for one policyholder with the stability across many policies.",Draft is rubric-derived and requires human subject-matter approval.,true
dcedcb2b-3c9d-4e14-a931-79ab0e8f47dc,ap-statistics,false,na,true,"DRAFT PROPOSAL FOR HUMAN APPROVAL ONLY. Answer each rubric criterion explicitly: part-a-criterion-01: Classify transportation mode as categorical, since its values are named groups. | part-a-criterion-02: Classify the distance grouping as categorical since it is recorded as two labeled groups (within 3 miles / farther than 3 miles). | part-b-criterion-01: Recompute each Within-3-miles cell divided by the column total of 100. | part-b-criterion-02: Show the division of each cell by the Within-3-miles column total. | part-b-criterion-03: Check that the four proportions sum to 1 and correct any arithmetic error. | part-c-criterion-01: Redraw the two full-height bars with segment sizes matching each group's conditional distribution. | part-c-criterion-02: Add a legend and keep segment order consistent across both bars. | part-c-criterion-03: Add axis labels (distance group; percent or proportion) and a title. | part-d-criterion-01: Compare the conditional percentages for car and bike/walk use between the two groups. | part-d-criterion-02: State the conclusion that distance and transportation mode appear associated.",Draft is rubric-derived and requires human subject-matter approval.,true
b97d6604-1b56-4a08-a462-9a5b0e4af145,ap-statistics,false,na,true,DRAFT PROPOSAL FOR HUMAN APPROVAL ONLY. Answer each rubric criterion explicitly: part-a-criterion-01: Set the first-level branches to the given machine production percentages. | part-a-criterion-02: Attach the correct conditional defect and non-defect probabilities under each machine branch. | part-a-criterion-03: Ensure the diagram or table displays all six machine-by-defect-status combinations. | part-b-criterion-01: Sum the joint defective probabilities from each machine branch. | part-b-criterion-02: Recompute each machine's probability times its defect rate. | part-b-criterion-03: Sum the three joint probabilities. | part-c-criterion-01: Set up the conditional probability as the joint probability for C divided by the total defective probability. | part-c-criterion-02: Use the joint probability for Machine C (0.016) and the total defective probability (0.041) from earlier parts. | part-c-criterion-03: Recompute 0.016 divided by 0.041. | part-d-criterion-01: Compare P(defective|C) = 0.08 to the overall P(defective) = 0.041 from part B and state that their inequality shows the events are not independent.,Draft is rubric-derived and requires human subject-matter approval.,true
f90a9e1b-6fd9-4158-a668-f4ed22e3f8c6,ap-statistics,false,na,true,"DRAFT PROPOSAL FOR HUMAN APPROVAL ONLY. Answer each rubric criterion explicitly: part-a-criterion-01: Recompute 200 × 0.06. | part-a-criterion-02: Recompute √(200 × 0.06 × 0.94). | part-b-criterion-01: Compute np and n(1−p) for this sample size and defect rate. | part-b-criterion-02: Compare both values to the threshold of 10 and state the Normal approximation is justified. | part-c-criterion-01: Use the mean (12) and SD (≈3.36) from part A as the Normal model's parameters. | part-c-criterion-02: Adjust the boundary to 18.5 to account for approximating a discrete distribution with a continuous one. | part-c-criterion-03: Recompute (18.5 − 12) ÷ 3.36. | part-c-criterion-04: Recompute 1 minus the cumulative probability at z ≈ 1.94. | part-d-criterion-01: Compute how many standard deviations 22 is from the mean of 12 and note this is an unusually large deviation. | part-d-criterion-02: State that because this outcome would be very unlikely under the 6% claim, it suggests the true defect rate may be higher, using informal (non-hypothesis-test) reasoning.",Draft is rubric-derived and requires human subject-matter approval.,true
995aa8dd-b257-4228-a066-a045d75fcb58,ap-statistics,false,na,true,"DRAFT PROPOSAL FOR HUMAN APPROVAL ONLY. Answer each rubric criterion explicitly: part-a-criterion-01: Recompute Q3 minus Q1 for the South facility. | part-a-criterion-02: Recompute Q3 + 1.5 × IQR. | part-a-criterion-03: Compare 40 to the computed upper fence and state the conclusion. | part-b-criterion-01: State that the mean would decrease because it uses every value, and 8.0 is much smaller than the recorded 40. | part-b-criterion-02: Correct the claim that the median is unaffected: explain that since the corrected value''s rank crosses the median (moving from the maximum to below Q1), the median may shift, though its exact new value can''t be determined from the summary statistics given. | part-b-criterion-03: State that the standard deviation would decrease because the extreme deviation contributed by the 40-pound value is removed. | part-c-criterion-01: Note that after correction, 8.0 lands below the median, so it is not the new maximum; the true maximum is unknown from the summary alone. | part-c-criterion-02: Compare the corrected South shape (more symmetric without the outlier) to North's already-symmetric shape. | part-c-criterion-03: Explain that the equal original SDs were misleading due to the data error, and the corrected SDs would differ. | part-c-criterion-04: State that centers remain similar between facilities even though spread comparisons change after correction.",Draft is rubric-derived and requires human subject-matter approval.,true
88d04972-a32f-45c0-ba36-88f89a20e76a,ap-statistics,true,yes,true,,structured prompt_json.parts,false
247fa43c-12a1-4325-9e4a-3d2ac12ca337,ap-statistics,true,yes,true,,structured prompt_json.parts,false
417f613e-9b7d-4006-a7ad-7af2192740d7,ap-statistics,true,yes,true,,structured prompt_json.parts,false
778dd6fe-3743-4854-a85d-41ef92621f5b,ap-statistics,true,yes,true,,structured prompt_json.parts,false
66842193-66be-4a88-83d6-7c3ea74c727e,ap-statistics,true,yes,true,,structured prompt_json.parts,false
dabb1c22-319b-43b0-85e8-46fc2156160a,ap-statistics,true,yes,true,,structured prompt_json.parts,false
44955911-e8a2-4692-bbf5-a2371008e2e6,ap-statistics,true,yes,true,,structured prompt_json.parts,false
4089bbf4-bd0b-4fa5-ba51-74abc72743fc,ap-statistics,true,yes,true,,structured prompt_json.parts,false
95710146-eeba-4389-89db-a86dc33663c7,ap-statistics,true,yes,true,,structured prompt_json.parts,false
0dc051bb-9021-4fb3-a17e-29d934feb013,ap-statistics,true,yes,true,,structured prompt_json.parts,false
e175ed67-4d5c-4580-9665-070c7e8bd014,ap-statistics,true,yes,true,,structured prompt_json.parts,false
b8e5af02-dfec-4250-a74c-9a38a8323fa2,ap-statistics,true,yes,true,,structured prompt_json.parts,false
dfdfef1f-dd1f-43e4-a636-cb65824c2ef5,ap-statistics,true,yes,true,,structured prompt_json.parts,false
2e2f5711-77bc-436d-9610-0c51b18bf9e0,ap-statistics,true,yes,true,,structured prompt_json.parts,false
ecf62b6d-7462-4724-b009-83a8a821939f,ap-statistics,true,yes,true,,structured prompt_json.parts,false
f5d5f18f-37e3-4dec-bb2c-9aa76f0fd002,ap-statistics,true,yes,true,,structured prompt_json.parts,false
9a8bccd1-85e7-4192-a1bb-71aad94ffe4c,ap-statistics,true,yes,true,,structured prompt_json.parts,false
c63603c5-a620-4b06-aec0-b91d964db1f5,ap-statistics,true,yes,true,,structured prompt_json.parts,false
b1ee175c-2ac3-4bbb-8139-761847e05c63,ap-statistics,true,yes,true,,structured prompt_json.parts,false
ca5f0628-cd55-4293-a6d8-51a1cacb6437,ap-statistics,true,yes,true,,structured prompt_json.parts,false
cbe1dae5-51e8-4b26-87ff-9e457f3f054e,ap-statistics,true,yes,true,,structured prompt_json.parts,false
29737886-6a8a-40e6-9bb9-4825cbe52d8b,ap-statistics,true,yes,true,,structured prompt_json.parts,false
eb74b80e-3f89-430e-a5a2-741ece5451ef,ap-statistics,true,yes,true,,structured prompt_json.parts,false
271dbf21-91e0-423d-9c01-72dfe57a0dbf,ap-statistics,true,yes,true,,structured prompt_json.parts,false
41f14ace-afaa-4882-9902-99207ac705ac,ap-statistics,true,yes,true,,structured prompt_json.parts,false
a1d72619-88fb-44f0-ba0c-6b541c05936b,ap-statistics,true,yes,true,,structured prompt_json.parts,false
af56da0a-d966-4882-bafb-d47d10b0b9fd,ap-statistics,true,yes,true,,structured prompt_json.parts,false
6117e0c1-110a-42de-b2a5-10f719c1cd5d,ap-statistics,true,yes,true,,structured prompt_json.parts,false
b6acbd1b-2851-400a-9761-116bb50712ef,ap-statistics,true,yes,true,,structured prompt_json.parts,false
520c93a1-2eb6-4363-88dd-42b182572364,ap-statistics,true,yes,true,,structured prompt_json.parts,false
f3201719-d216-4143-aa92-8d64a9c469aa,ap-statistics,true,yes,true,,structured prompt_json.parts,false
dd0be3bd-4c02-456d-a2b9-0cd59f18e774,ap-statistics,true,yes,true,,structured prompt_json.parts,false
822d2c2d-81f3-4ce1-8506-661a9d94dbcc,ap-statistics,true,yes,true,,structured prompt_json.parts,false
f21ce773-4813-47a9-98fe-e89cba300512,ap-statistics,true,yes,true,,structured prompt_json.parts,false
1a5a44ca-1545-4ea0-bc50-86ac0489ff6c,ap-statistics,false,na,false,"DRAFT PROPOSAL FOR HUMAN APPROVAL ONLY. Answer each rubric criterion explicitly: definitions: To earn this point, make sure your response: defines statistics as science of data analysis; correctly distinguishes descriptive (summarizing data) from inferential (drawing conclusions about populations)",Draft is rubric-derived and requires human subject-matter approval.,true
43780d98-4cea-432e-86d7-182baf4d422c,ap-statistics,false,na,false,"DRAFT PROPOSAL FOR HUMAN APPROVAL ONLY. Answer each rubric criterion explicitly: variable_classification: To earn this point, make sure your response: correctly classifies: (a) categorical (an ID number is a numeric label, not a measured quantity — arithmetic on it is meaningless), (b) categorical, (c) quantitative, (d) categorical",Draft is rubric-derived and requires human subject-matter approval.,true
2d8d4d3d-1af7-4f45-b32e-93e8c9f03ce0,ap-statistics,false,na,false,"DRAFT PROPOSAL FOR HUMAN APPROVAL ONLY. Answer each rubric criterion explicitly: population_sample: To earn this point, make sure your response: correctly identifies population as the 40,000 residents of Springfield and sample as the 500 residents surveyed",Draft is rubric-derived and requires human subject-matter approval.,true
cfabb50f-6bee-4c75-af53-7ba415dd697f,ap-statistics,false,na,false,"DRAFT PROPOSAL FOR HUMAN APPROVAL ONLY. Answer each rubric criterion explicitly: parameter_statistic: To earn this point, make sure your response: correctly identifies (a) parameter (from population) and (b) statistic (from sample)",Draft is rubric-derived and requires human subject-matter approval.,true
d2affbe0-2481-4f00-8054-d42ff6398b27,ap-statistics,false,na,false,"DRAFT PROPOSAL FOR HUMAN APPROVAL ONLY. Answer each rubric criterion explicitly: sampling_methods: To earn this point, make sure your response: explains that random sampling reduces bias and ensures representativeness, while convenience sampling is subject to selection bias",Draft is rubric-derived and requires human subject-matter approval.,true
d9fb8bc8-8534-4259-ae09-8a82243aabce,ap-statistics,false,na,false,"DRAFT PROPOSAL FOR HUMAN APPROVAL ONLY. Answer each rubric criterion explicitly: bimodal_analysis: To earn this point, make sure your response: explains that bimodality suggests two distinct groups or processes; discusses how mean can be misleading if it falls between the peaks",Draft is rubric-derived and requires human subject-matter approval.,true
0f7571c4-4327-45cf-9cc4-d9f822c8db65,ap-statistics,false,na,false,"DRAFT PROPOSAL FOR HUMAN APPROVAL ONLY. Answer each rubric criterion explicitly: percentile_zscore: To earn this point, make sure your response: correctly identifies z-score as 1 (approximately; 84th percentile is 1 SD above mean)",Draft is rubric-derived and requires human subject-matter approval.,true
07edc710-16bb-4c09-b7d2-789cdc5a9926,ap-statistics,false,na,false,"DRAFT PROPOSAL FOR HUMAN APPROVAL ONLY. Answer each rubric criterion explicitly: standard_normal_utility: To earn this point, make sure your response references the Central Limit Theorem and explains that sample means become approximately normal for large samples regardless of the population's shape -- merely defining a z-score is not sufficient.",Draft is rubric-derived and requires human subject-matter approval.,true
af82b114-64dc-4161-a900-4e6de29ab303,ap-statistics,false,na,false,"DRAFT PROPOSAL FOR HUMAN APPROVAL ONLY. Answer each rubric criterion explicitly: experiment_vs_survey: To earn this point, make sure your response: experiment manipulates; survey observes",Draft is rubric-derived and requires human subject-matter approval.,true
bb2c9c91-f2c9-4312-a416-e6867c3fdaf3,ap-statistics,false,na,false,"DRAFT PROPOSAL FOR HUMAN APPROVAL ONLY. Answer each rubric criterion explicitly: double_blind_importance: To earn this point, make sure your response: explains that neither subjects nor experimenters know treatment; prevents placebo effect and experimenter bias",Draft is rubric-derived and requires human subject-matter approval.,true
85d23dca-8f05-4e9e-9dbe-22600f8c5528,ap-statistics,false,na,false,"DRAFT PROPOSAL FOR HUMAN APPROVAL ONLY. Answer each rubric criterion explicitly: matched_pairs_design: To earn this point, make sure your response: specifies that same students use both methods; controls for student differences; includes random assignment of method order",Draft is rubric-derived and requires human subject-matter approval.,true
4c9180d9-3f05-4fb6-a5f5-0b1e59100ad8,ap-statistics,false,na,false,"DRAFT PROPOSAL FOR HUMAN APPROVAL ONLY. Answer each rubric criterion explicitly: power_sample_size: To earn this point, make sure your response: explains that larger sample reduces standard error, allowing better discrimination between H₀ and H₁",Draft is rubric-derived and requires human subject-matter approval.,true
b8c56de7-c28f-4eb2-86d4-96d9a9186400,biology,true,yes,false,,prose-only multi-part,false
905df3c1-d797-456c-8caf-cfdb3721b29e,biology,true,yes,false,,prose-only multi-part,false
786c5b62-f352-4077-91bf-b2a788c152c0,biology,true,yes,false,,prose-only multi-part,false
5dca442d-b798-4ce8-9b1a-03ccfaf7aecc,biology,true,yes,false,,prose-only multi-part,false
a1101c5f-7dfa-4899-b766-c8bdf3d1e366,biology,true,yes,false,,prose-only multi-part,false
ccf9a896-ab8f-48b6-9f19-10c043ab14af,biology,true,yes,false,,prose-only multi-part,false
beb10310-b7f6-45fe-922c-b2586ac07677,biology,true,yes,false,,prose-only multi-part,false
4a84a371-50b8-47a1-8089-16ead0b41331,biology,true,yes,false,,prose-only multi-part,false
3f243cab-1291-4bac-8b7a-17ca56aad92c,biology,true,yes,false,,prose-only multi-part,false
f420df2b-d478-4795-b646-0f4a13a04b59,biology,true,yes,false,,prose-only multi-part,false
65bd0d29-e854-416e-bd1c-3b5c966de99c,biology,true,yes,false,,prose-only multi-part,false
0880b181-fd70-4b8e-8659-48aeac65fff0,biology,true,yes,false,,prose-only multi-part,false
6ee01c8f-000f-402c-b224-ada511355345,biology,true,yes,false,,prose-only multi-part,false
490a27e7-d446-4ee0-bb76-fda55d29f5d1,biology,true,yes,false,,prose-only multi-part,false
7e403aba-b29d-4d6f-9cc5-33cff23c2597,biology,true,yes,false,,prose-only multi-part,false
a0fa8005-6513-4521-8e4a-0581ac81cd7e,biology,true,yes,false,,prose-only multi-part,false
eeda718e-35ea-4282-884d-a235e76acd6f,biology,true,yes,false,,no structured parts detected,false
ec8e7408-1f8a-44d9-9dbb-dd89eb8122b1,biology,true,yes,false,,no structured parts detected,false
f07ecf14-7cfd-423a-80d1-f83d05d34ccb,biology,true,yes,false,,no structured parts detected,false
0cb84009-f7a4-4315-975c-34a7fbf06e2b,biology,true,yes,false,,no structured parts detected,false
15578bad-7da4-4a51-abde-595f5f9601d7,biology,true,yes,false,,no structured parts detected,false
317c8f23-e810-4163-8f5f-f8ea0036c742,biology,true,no,false,,Existing canonical answer has weak lexical coverage of stored rubric criteria; preserve it and route to human sanity-check.,true
b4249345-5510-4c46-b072-a1ea8219baa4,biology,true,yes,false,,no structured parts detected,false
5924211d-ad3e-43cf-9574-f3d900b4f647,biology,true,yes,false,,no structured parts detected,false
5055732c-6852-4429-8d71-57836d8c5226,biology,true,no,false,,Existing canonical answer has weak lexical coverage of stored rubric criteria; preserve it and route to human sanity-check.,true
c1e627a9-49f0-4265-96fd-08cdf7169343,biology,true,yes,false,,no structured parts detected,false
c0d0ec3a-8b19-4ad4-b211-3a7083408b38,biology,true,yes,false,,no structured parts detected,false
b76a09ff-aecf-4e87-a17b-5b04285a08e7,biology,true,yes,false,,no structured parts detected,false
a3b95a8c-b537-4f07-aab6-5e3a606d930b,biology,true,yes,false,,no structured parts detected,false
561eb0a2-a904-41dc-baee-b1b46f057dee,biology,true,yes,false,,no structured parts detected,false
a7fe6aa6-8d05-4db0-a6bf-b057f549a1ac,biology,true,yes,false,,no structured parts detected,false
ea4f4f45-60ef-44c9-828b-dbf61892eff7,biology,true,yes,false,,no structured parts detected,false
ee3aa8b2-c996-4f32-aad4-27cd68568a42,biology,true,yes,false,,no structured parts detected,false
afd0854c-343d-4e37-a066-05f23d319e03,biology,true,yes,false,,no structured parts detected,false
dd5e062b-5328-479c-bf77-16dc207957f4,biology,true,yes,false,,no structured parts detected,false
09a23a59-2ede-438d-b94f-3cbb3e12c8d0,biology,true,yes,false,,no structured parts detected,false
7e09a039-a38b-4acf-aa67-fdcb8da6d26e,biology,true,yes,false,,no structured parts detected,false
d2195299-b1b0-4ae9-a109-54fa4b53a846,biology,true,yes,false,,no structured parts detected,false
ffb44beb-3467-4353-8b05-2715517d4cbb,biology,true,yes,false,,no structured parts detected,false
9e9936b4-9fa7-4e47-b6f9-7950388318ea,biology,true,yes,false,,no structured parts detected,false
c49484c4-5e3c-4c0c-a18d-e308055c6370,biology,true,yes,false,,no structured parts detected,false
d994c1b0-7951-4060-8053-1b4410b488b7,biology,true,yes,false,,no structured parts detected,false
b32b3a6d-ee7d-4720-b5ad-64547aebd892,biology,true,yes,false,,no structured parts detected,false
c41250d8-93ec-43fd-b68e-6f157d52c0c8,biology,true,no,false,,Existing canonical answer has weak lexical coverage of stored rubric criteria; preserve it and route to human sanity-check.,true
dfa7018e-2ec0-409b-ae53-20895537ea68,biology,true,yes,false,,no structured parts detected,false
149908e1-6c62-49d3-bae7-7ac23f12ce86,biology,true,yes,false,,no structured parts detected,false
020fe264-1242-488a-aee5-9eb26d3b5faa,biology,true,yes,false,,no structured parts detected,false
e3e2cd85-0071-4d37-800b-0cba0ae09c69,biology,true,yes,false,,no structured parts detected,false
69c36745-2e64-4edd-a220-6b8935ed0a74,biology,true,no,false,,Existing canonical answer has weak lexical coverage of stored rubric criteria; preserve it and route to human sanity-check.,true
9e772ef8-410e-4269-a573-37aeb777833b,biology,true,yes,false,,no structured parts detected,false
004fa02d-4b3a-42f1-9159-e909ded75d7f,biology,true,yes,false,,no structured parts detected,false
b29147fe-ca1c-4b33-b8c7-e8e6192220e8,biology,true,yes,false,,no structured parts detected,false
bf484484-9ce9-45fc-ab45-49b88ae745e7,biology,true,yes,false,,no structured parts detected,false
f906df10-9c94-4432-9e4f-968e185301ac,biology,true,yes,false,,no structured parts detected,false
f96c2ad9-7bd0-4950-a9b0-d7492ea30803,biology,true,yes,false,,no structured parts detected,false
f67ec85b-e2b0-4733-b891-c3e99e076f93,biology,true,yes,false,,no structured parts detected,false
835d8ce4-93e2-46d2-af6d-adcd4c2713f3,biology,true,yes,false,,no structured parts detected,false
e0278b91-cfc8-48ef-83b7-a9b4256ddf36,biology,true,yes,false,,no structured parts detected,false
6d03e381-4f81-4f33-8804-7ea567f12330,biology,true,yes,false,,no structured parts detected,false
ec200449-df12-4069-8a92-aea33feb36c9,biology,true,yes,false,,no structured parts detected,false
907a1813-1d45-4b4f-aff7-8382632ef127,biology,true,yes,false,,no structured parts detected,false
80e917c2-fc85-4aa6-a7e7-1f37050922f8,biology,true,yes,false,,no structured parts detected,false
5dfd441b-f01b-4dc4-b327-1fe05b12f432,biology,true,yes,false,,no structured parts detected,false
c992e827-4720-4f1a-b2d4-924a9313e7b3,biology,true,yes,false,,no structured parts detected,false
ffe8566d-7b98-4526-b58a-f37c4d8ededc,biology,true,yes,false,,no structured parts detected,false
79cb5876-49bb-4d94-856d-414cd4c629b8,biology,true,yes,false,,no structured parts detected,false
be78ce36-c01b-47d1-901f-7bf38caa0e7b,biology,true,yes,false,,no structured parts detected,false
016e7347-2003-45de-9967-619544d691ca,biology,true,yes,false,,no structured parts detected,false
7640704b-6e1d-4bad-bc74-f3d194324805,biology,false,na,false,"DRAFT PROPOSAL FOR HUMAN APPROVAL ONLY. Answer each rubric criterion explicitly: a-i: State that a synapomorphy is a shared character derived from a common ancestor, distinguishing it from an ancestral (underived) character. | a-ii: Explain that only shared derived characters indicate recent common ancestry; shared ancestral characters are uninformative because they are shared too broadly. | a-iii: Give the correct topology and identify A as the outgroup because it has none of the derived characters shared by B-E. | a-iv: State that parsimony minimizes the number of required evolutionary changes, and that this is preferred because it assumes the fewest independent, unsupported evolutionary events.",Draft is rubric-derived and requires human subject-matter approval.,true
2c275bcc-2927-4910-83b6-fe61552a511b,biology,false,na,false,"DRAFT PROPOSAL FOR HUMAN APPROVAL ONLY. Answer each rubric criterion explicitly: b-i: State that neutral mutations are invisible to natural selection, so they accumulate at a roughly constant, selection-independent rate. | b-ii: Show the calculation 4.0 x 2 = 8.0 Mya using the given calibration. | b-iii: Give one valid reason the clock rate can vary, such as generation-time differences or non-neutral sites. | b-iv: Give a second, different valid reason, such as repair-rate differences between lineages or calibration uncertainty.",Draft is rubric-derived and requires human subject-matter approval.,true
ebcdd05b-73a4-49ca-9b2e-96f8bbdef234,biology,false,na,false,"DRAFT PROPOSAL FOR HUMAN APPROVAL ONLY. Answer each rubric criterion explicitly: c-i: Explain that convergently evolved analogous structures can be mistaken for synapomorphies, incorrectly grouping unrelated species. | c-ii: Give a reason molecular data is more reliable (many more characters, or statistical correction for saturation) and a real example such as birds nested within Reptilia (sister to crocodilians) or whales sister to hippos. | d-i: Name one valid evidence type and explain what result would indicate separate-species vs. subspecies status. | d-ii: Name a second, different valid evidence type (e.g. reproductive compatibility) and explain its interpretation. | d-iii: Name a third, different valid evidence type (e.g. consistent morphological/ecological differences) and explain its interpretation.",Draft is rubric-derived and requires human subject-matter approval.,true
87874651-60bb-40cc-a634-2ce196ad996d,biology,false,na,true,"DRAFT PROPOSAL FOR HUMAN APPROVAL ONLY. Answer each rubric criterion explicitly: BOXPLOT_SCALE: To earn this point, make sure your response: uses one interpretable common scale for both temperatures. | CENTER_COMPARISON: To earn this point, make sure your response: correctly compares medians (37C has higher reaction rate) in context. | FIVE_NUMBER_VALUES: To earn this point, make sure your response: both boxplots recover the listed five-number summaries. | VARIABILITY_COMPARISON: To earn this point, make sure your response: correctly compares IQR or range (37C more variable) in context.",Draft is rubric-derived and requires human subject-matter approval.,true
b738b319-8146-43d5-a2c4-5b292e1f1943,biology,false,na,true,"DRAFT PROPOSAL FOR HUMAN APPROVAL ONLY. Answer each rubric criterion explicitly: CATEGORY_LABELS: To earn this point, make sure your response: genotype segments and time points are identifiable. | COMPARISON: To earn this point, make sure your response: correctly identifies After as having the larger RR relative frequency. | RELATIVE_FREQUENCIES: To earn this point, make sure your response: converts counts to correct within-time-point relative frequencies. | SEGMENTED_BARS: To earn this point, make sure your response: draws two complete segmented bars with total length 1 or 100%.",Draft is rubric-derived and requires human subject-matter approval.,true
001fef04-5272-4c9d-9d2b-cde19287bcc7,biology,false,na,true,"DRAFT PROPOSAL FOR HUMAN APPROVAL ONLY. Answer each rubric criterion explicitly: AXIS_SCALE: To earn this point, make sure your response: uses an interpretable numeric scale covering 2 through 9. | DOT_COUNTS: To earn this point, make sure your response: plots the correct number of dots at each germination time. | SHAPE_DESCRIPTION: To earn this point, make sure your response: describes the distribution as right-skewed in context. | TAIL_DESCRIPTION: Describe the sparse right tail from 7 through 9 days.",Draft is rubric-derived and requires human subject-matter approval.,true
3db8a97a-baaf-4ff4-9110-06dd4bc91892,biology,false,na,true,"DRAFT PROPOSAL FOR HUMAN APPROVAL ONLY. Answer each rubric criterion explicitly: ASSOCIATION_DESCRIPTION: To earn this point, make sure your response: describes a strong, positive, roughly linear association in context. | AXIS_LABELS: To earn this point, make sure your response: labels forage biomass and rabbit population size on the correct axes. | BIOLOGICAL_INTERPRETATION: To earn this point, make sure your response: explains that forage biomass limits the rabbit population as a resource, so more forage supports a larger population. | POINTS_PLOTTED: To earn this point, make sure your response: plots all nine ordered pairs at recoverable locations. | TREND_LINE: To earn this point, make sure your response: sketches a reasonable increasing line through the point cloud.",Draft is rubric-derived and requires human subject-matter approval.,true

