content_item_id,subject_key,item_type,has_topic_label,has_canonical_answer_1,has_prior_model_run,has_author_prose,criteria_count
3a187fa6-d745-463a-be2b-49579aa87a84,ap-statistics,frq,false,false,false,false,1
649b4aec-efb7-4ed1-a606-6b873ed321b8,ap-statistics,frq,false,false,false,false,1
d2ac22b2-f075-41df-a05d-897aa44f436b,ap-statistics,frq,false,false,false,false,5
e053bb22-4805-44ab-9003-36b2e93987ab,ap-statistics,frq,false,false,false,false,4
40c0226d-ff9d-4927-8c72-75b1cdbc2dd2,ap-statistics,frq,false,false,false,false,3
a2a8e8f7-f1f4-444f-a31d-cef8ec4d3c11,ap-statistics,frq,false,false,false,false,1
c2f7d698-bd32-4f2e-bb91-c2119089c233,ap-statistics,frq,false,false,false,false,1
c620d7d3-1a93-49ac-8d81-654c7767125f,ap-statistics,frq,false,false,false,false,4
6a376f40-6f50-42b9-b478-27f91cd92aa1,ap-statistics,frq,false,false,false,false,1
d070712f-9e57-4a0b-8af1-ef22b932dd3d,ap-statistics,frq,false,false,false,false,3
a067f214-64d3-48f4-b267-c41ce5fc5e5d,ap-statistics,frq,false,false,false,false,4
5808c609-bc29-476a-a404-afa15124ebf3,ap-statistics,frq,false,false,false,false,1
7d8d53e7-8dc5-4175-b972-688ffe5f9edf,ap-statistics,frq,false,false,false,false,4
35c5517b-23ad-497f-8eb5-10a36b7bcc11,ap-statistics,frq,false,false,false,false,1
0d5cc3fa-48fa-44d6-a0c9-c8e9d6067a6e,ap-statistics,frq,false,false,true,false,10
d49c417a-ffc9-4836-a070-bd356e021b69,ap-statistics,frq,false,false,true,false,10
614b65b6-f98c-4319-ae0a-b540ce47233d,ap-statistics,frq,false,false,true,false,10
66dba214-f1d0-41ba-a52e-1e16996ce0d7,ap-statistics,frq,false,false,true,false,10
c19e2b4d-b0f5-4944-a4d9-46840f005aab,ap-statistics,frq,false,false,true,false,4
c9e06a78-dfe6-49eb-a069-5a3bf2aa1ad7,ap-statistics,frq,false,false,true,false,10
fd23b590-846f-49cc-a45d-16ff3d187c67,ap-statistics,frq,false,false,true,false,10
ee476290-e8fa-491d-ad5f-49a9e4a51f25,ap-statistics,frq,false,false,true,false,10
d96694c3-cce5-407b-ae36-1656d7ce1164,ap-statistics,frq,false,false,true,false,10
8a42ff98-03a4-4ba2-ac27-296c1932def9,ap-statistics,frq,false,false,true,false,10
a4913da2-8e3b-4524-af90-74a5eb559735,ap-statistics,frq,false,false,true,false,10
4621efff-f4e8-4fd8-ac47-0c5600406d6c,ap-statistics,frq,false,false,true,false,10
f7dbe26b-eb58-4ae1-a30a-c31b65767ee3,ap-statistics,frq,false,false,true,false,10
f4ca034a-6b6b-4a24-ae04-4ffb82eef35f,ap-statistics,frq,false,false,true,false,10
c15d8495-3926-4af0-a56d-b0ebd3901957,ap-statistics,frq,false,false,true,false,10
81508254-a2e0-4906-ae6f-e7a63e0ad431,ap-statistics,frq,false,false,true,false,10
dcedcb2b-3c9d-4e14-a931-79ab0e8f47dc,ap-statistics,frq,false,false,true,false,10
b97d6604-1b56-4a08-a462-9a5b0e4af145,ap-statistics,frq,false,false,true,false,10
f90a9e1b-6fd9-4158-a668-f4ed22e3f8c6,ap-statistics,frq,false,false,true,false,10
995aa8dd-b257-4228-a066-a045d75fcb58,ap-statistics,frq,false,false,true,false,10
88d04972-a32f-45c0-ba36-88f89a20e76a,ap-statistics,frq,false,true,true,true,4
247fa43c-12a1-4325-9e4a-3d2ac12ca337,ap-statistics,frq,false,true,true,true,4
417f613e-9b7d-4006-a7ad-7af2192740d7,ap-statistics,frq,false,true,true,true,4
778dd6fe-3743-4854-a85d-41ef92621f5b,ap-statistics,frq,false,true,true,true,4
66842193-66be-4a88-83d6-7c3ea74c727e,ap-statistics,frq,false,true,true,true,4
dabb1c22-319b-43b0-85e8-46fc2156160a,ap-statistics,frq,false,true,true,true,4
44955911-e8a2-4692-bbf5-a2371008e2e6,ap-statistics,frq,false,true,true,true,4
4089bbf4-bd0b-4fa5-ba51-74abc72743fc,ap-statistics,frq,false,true,true,true,4
95710146-eeba-4389-89db-a86dc33663c7,ap-statistics,frq,false,true,true,true,4
0dc051bb-9021-4fb3-a17e-29d934feb013,ap-statistics,frq,false,true,true,true,4
e175ed67-4d5c-4580-9665-070c7e8bd014,ap-statistics,frq,false,true,true,true,4
b8e5af02-dfec-4250-a74c-9a38a8323fa2,ap-statistics,frq,false,true,true,true,4
dfdfef1f-dd1f-43e4-a636-cb65824c2ef5,ap-statistics,frq,false,true,true,true,4
2e2f5711-77bc-436d-9610-0c51b18bf9e0,ap-statistics,frq,false,true,true,true,4
ecf62b6d-7462-4724-b009-83a8a821939f,ap-statistics,frq,false,true,true,true,4
f5d5f18f-37e3-4dec-bb2c-9aa76f0fd002,ap-statistics,frq,false,true,true,true,4
9a8bccd1-85e7-4192-a1bb-71aad94ffe4c,ap-statistics,frq,false,true,true,true,4
c63603c5-a620-4b06-aec0-b91d964db1f5,ap-statistics,frq,false,true,true,true,4
b1ee175c-2ac3-4bbb-8139-761847e05c63,ap-statistics,frq,false,true,true,true,4
ca5f0628-cd55-4293-a6d8-51a1cacb6437,ap-statistics,frq,false,true,true,true,4
cbe1dae5-51e8-4b26-87ff-9e457f3f054e,ap-statistics,frq,false,true,true,true,4
29737886-6a8a-40e6-9bb9-4825cbe52d8b,ap-statistics,frq,false,true,true,true,3
eb74b80e-3f89-430e-a5a2-741ece5451ef,ap-statistics,frq,false,true,true,true,3
271dbf21-91e0-423d-9c01-72dfe57a0dbf,ap-statistics,frq,false,true,true,true,3
41f14ace-afaa-4882-9902-99207ac705ac,ap-statistics,frq,false,true,true,true,4
a1d72619-88fb-44f0-ba0c-6b541c05936b,ap-statistics,frq,false,true,true,true,3
af56da0a-d966-4882-bafb-d47d10b0b9fd,ap-statistics,frq,false,true,true,true,3
6117e0c1-110a-42de-b2a5-10f719c1cd5d,ap-statistics,frq,false,true,true,true,2
b6acbd1b-2851-400a-9761-116bb50712ef,ap-statistics,frq,false,true,true,true,2
520c93a1-2eb6-4363-88dd-42b182572364,ap-statistics,frq,false,true,true,true,3
f3201719-d216-4143-aa92-8d64a9c469aa,ap-statistics,frq,false,true,true,true,3
dd0be3bd-4c02-456d-a2b9-0cd59f18e774,ap-statistics,frq,false,true,true,true,3
822d2c2d-81f3-4ce1-8506-661a9d94dbcc,ap-statistics,frq,false,true,true,true,3
f21ce773-4813-47a9-98fe-e89cba300512,ap-statistics,frq,false,true,true,true,3
1a5a44ca-1545-4ea0-bc50-86ac0489ff6c,ap-statistics,frq,false,false,false,false,1
43780d98-4cea-432e-86d7-182baf4d422c,ap-statistics,frq,false,false,false,false,1
2d8d4d3d-1af7-4f45-b32e-93e8c9f03ce0,ap-statistics,frq,false,false,false,false,1
cfabb50f-6bee-4c75-af53-7ba415dd697f,ap-statistics,frq,false,false,false,false,1
d2affbe0-2481-4f00-8054-d42ff6398b27,ap-statistics,frq,false,false,false,false,1
d9fb8bc8-8534-4259-ae09-8a82243aabce,ap-statistics,frq,false,false,false,false,1
0f7571c4-4327-45cf-9cc4-d9f822c8db65,ap-statistics,frq,false,false,false,false,1
07edc710-16bb-4c09-b7d2-789cdc5a9926,ap-statistics,frq,false,false,false,false,1
af82b114-64dc-4161-a900-4e6de29ab303,ap-statistics,frq,false,false,false,false,1
bb2c9c91-f2c9-4312-a416-e6867c3fdaf3,ap-statistics,frq,false,false,false,false,1
85d23dca-8f05-4e9e-9dbe-22600f8c5528,ap-statistics,frq,false,false,false,false,1
4c9180d9-3f05-4fb6-a5f5-0b1e59100ad8,ap-statistics,frq,false,false,false,false,1
7db0ade2-21b7-4cd9-b0d9-59ad3cf3b731,ap-statistics,mcq,false,false,false,false,0
d16208a1-86e9-4bbf-a227-6c35f62e8843,ap-statistics,mcq,false,false,false,false,0
1aa847f3-d07e-49db-be54-141b4269649f,ap-statistics,mcq,false,false,false,false,0
01083ec3-5f29-4827-99ed-5c9829f39274,ap-statistics,mcq,false,false,false,false,0
9a86f050-4bb9-44d4-862c-9fca39c125c6,ap-statistics,mcq,false,false,false,false,0
5f38db56-d845-4f9f-b674-be833f35e082,ap-statistics,mcq,false,false,false,false,0
b9ac5ed0-6f91-435d-9a2b-1a8896e63db4,ap-statistics,mcq,false,false,false,false,0
495a6980-940c-49ee-918b-73ed1dee2043,ap-statistics,mcq,false,false,false,false,0
72dd5024-8a93-4752-90c9-4099341517bc,ap-statistics,mcq,false,false,false,false,0
59af95bc-6b6e-4c79-987d-fb7b0455fdbd,ap-statistics,mcq,false,false,false,false,0
967902b0-913a-4f3d-9593-944b80837cd9,ap-statistics,mcq,false,false,false,false,0
929b3bb8-8e75-4666-8b7e-7b035f23bbf9,ap-statistics,mcq,false,false,false,false,0
14480321-788c-445d-886a-4ee986b1380b,ap-statistics,mcq,false,false,false,false,0
fde38ef5-516a-405a-9d6a-ae5c7ebf5625,ap-statistics,mcq,false,false,false,false,0
f8b8d309-d590-453c-ba1a-de5a50422847,ap-statistics,mcq,false,false,false,false,0
9569b2b0-7a19-441a-ba3b-feda8f69c1eb,ap-statistics,mcq,false,false,false,false,0
7c2556fb-1586-4e84-87bd-549fbb32cf16,ap-statistics,mcq,false,false,false,false,0
42ed8387-2e57-40fd-bd85-8b911aa08ed5,ap-statistics,mcq,false,false,false,false,0
1e1e7327-606f-44f8-8b21-64ca4ab00343,ap-statistics,mcq,false,false,false,false,0
5005a284-5856-4f5e-a6c2-93d208d392fc,ap-statistics,mcq,false,false,false,false,0
cc470e39-255e-465c-a93f-2d6e3c325b89,ap-statistics,mcq,false,false,false,false,0
499e91c6-ea09-4f5e-baff-7b07f25ee78b,ap-statistics,mcq,false,false,false,false,0
e40f868d-5b8f-46bf-bd03-4fcc938613b5,ap-statistics,mcq,false,false,false,false,0
68849543-8c77-46f6-9c44-db7e1b18163e,ap-statistics,mcq,false,false,false,false,0
a290d67d-8ae1-46c4-9eb0-c3d19e4000ad,ap-statistics,mcq,false,false,false,false,0
9cd1fc73-a3aa-42de-9a38-ed27e68de5cb,ap-statistics,mcq,false,false,false,false,0
fce2322b-6c24-4427-a9b0-145cb69fd593,ap-statistics,mcq,false,false,false,false,0
501b459c-50ab-4057-8b14-e5b824dd5c2c,ap-statistics,mcq,false,false,false,false,0
a0030be0-3d35-495a-a5cf-a64b716f2237,ap-statistics,mcq,false,false,false,false,0
7293fb74-a05d-4e94-8904-4436832d2103,ap-statistics,mcq,false,false,false,false,0
8ed5e5cd-bc8a-4706-9a17-dc233d48f53a,ap-statistics,mcq,false,false,false,false,0
f6cb6927-3342-4803-acc7-67118765b7a6,ap-statistics,mcq,false,false,false,false,0
40e339b1-ea48-4a3c-aa5f-59d511dbf531,ap-statistics,mcq,false,false,false,false,0
99d9c4cb-b92c-4f9b-b47a-76bb3a556e2f,ap-statistics,mcq,false,false,false,false,0
0f5d9a4f-cebc-40e5-8bbe-1bf54864ef3f,ap-statistics,mcq,false,false,false,false,0
cafad641-e2b9-46a5-8204-3bf73d9c899f,ap-statistics,mcq,false,false,false,false,0
141b84a1-8e40-4e9e-8fc7-a67565129ef2,ap-statistics,mcq,false,false,false,false,0
2ccbc0dc-6539-402c-b1e4-623d99db6116,ap-statistics,mcq,false,false,false,false,0
45e7e50e-6ccf-4054-8d06-891f05f615c5,ap-statistics,mcq,false,false,false,false,0
16367987-197b-4fd5-848a-95ba4d8bebf0,ap-statistics,mcq,false,false,false,false,0
5b23352c-c3fa-4a0c-8933-8a4b7ffaf945,ap-statistics,mcq,false,false,false,false,0
4bb5c2f8-0ab8-4227-8f66-6b6def95b136,ap-statistics,mcq,false,false,false,false,0
965cf0d2-3f37-4944-ab8e-3b4a8be1b652,ap-statistics,mcq,false,false,false,false,0
f0da6014-0f5d-4ce0-a731-66063b5797a2,ap-statistics,mcq,false,false,false,false,0
2b063ad8-738a-40c8-858c-6e1c4a7204d6,ap-statistics,mcq,false,false,false,false,0
ac4d3a6b-1d4b-47ce-a364-ce7fb95bb56a,ap-statistics,mcq,false,false,false,false,0
d50bc7f9-cad7-4567-9fbb-0c626fec7151,ap-statistics,mcq,false,false,false,false,0
0433533a-5461-4bed-9e99-66713d4f6561,ap-statistics,mcq,false,false,false,false,0
37735ec5-d177-4f7f-aa4b-497df871da35,ap-statistics,mcq,false,false,false,false,0
f4aa7eba-a38b-466a-bf32-edfae5f5a676,ap-statistics,mcq,false,false,false,false,0
3777af92-7049-4691-af15-31ec140baae7,ap-statistics,mcq,false,false,false,false,0
15f3e1ba-8950-42d3-9f6b-e9ab8da30593,ap-statistics,mcq,false,false,false,false,0
42668bcb-63b0-4cb7-a865-bc896e32ea55,ap-statistics,mcq,false,false,false,false,0
ac4f56b6-c442-4a93-92b9-a88a3c0a1486,ap-statistics,mcq,false,false,false,false,0
71469c6b-2f7f-4479-bf4e-9b1a85dbb56c,ap-statistics,mcq,false,false,false,false,0
f290c308-8a72-48f9-9092-12b332c5d8ec,ap-statistics,mcq,false,false,false,false,0
9eac7e43-9b8b-4168-9dc2-ea5ff7e75f0a,ap-statistics,mcq,false,false,false,false,0
caab716d-74dd-4a50-8483-a99573708cd1,ap-statistics,mcq,false,false,false,false,0
809d712f-5200-4ccd-8674-9a8dbd08ac3b,ap-statistics,mcq,false,false,false,false,0
4471806c-6298-4e1d-9bab-6c56ec3eee05,ap-statistics,mcq,false,false,false,false,0
31f9e1d9-385b-44bb-8146-b09e8a032860,ap-statistics,mcq,false,false,false,false,0
179c9e44-82b7-46a3-8ae7-5e7715f8aeba,ap-statistics,mcq,false,false,false,false,0
9948edb0-4eb9-4cac-be09-123c88268622,ap-statistics,mcq,false,false,false,false,0
ed001230-8216-4f24-b63f-4428bdbd07bf,ap-statistics,mcq,false,false,false,false,0
c4065503-53cb-4638-b4a5-509ea51f5832,ap-statistics,mcq,false,false,false,false,0
317421de-3cf0-42d7-b77b-0020b7fe8161,ap-statistics,mcq,false,false,false,false,0
4c8036bb-8dd3-4b95-869d-986c9fe6fa45,ap-statistics,mcq,false,false,false,false,0
0cb5ece5-3e26-480c-bfca-4d9c478c3a6c,ap-statistics,mcq,false,false,false,false,0
6752d045-8afa-4236-a3a1-16f59a86a1a1,ap-statistics,mcq,false,false,false,false,0
b4248cbe-53e4-4672-ab53-79d272f2358a,ap-statistics,mcq,false,false,false,false,0
f912b3c2-f978-4e25-93e0-e9ac8de4b501,ap-statistics,mcq,false,false,false,false,0
a4090ab8-7e79-401b-846a-3d6c09b3e9d2,ap-statistics,mcq,false,false,false,false,0
2324bef6-f678-4ec9-9d62-f6266f2ee940,ap-statistics,mcq,false,false,false,false,0
8a2c4b33-ea79-4b25-9cd9-430b38c29421,ap-statistics,mcq,false,false,false,false,0
3c95c5c6-9ceb-4259-9b6e-489b7df8449c,ap-statistics,mcq,false,false,false,false,0
69d691b2-ab0e-4ef4-82d6-57f74a749145,ap-statistics,mcq,false,false,false,false,0
f9bc58a1-cf19-4bf8-a13f-773b1df6154a,ap-statistics,mcq,false,false,false,false,0
f5b3dfb1-c7b4-41cf-a09c-9b3f2d8085ea,ap-statistics,mcq,false,false,false,false,0
6eddea6b-645a-4c02-9af1-880c64505fdb,ap-statistics,mcq,false,false,false,false,0
06229693-b034-4e11-b074-4937da5fc2d3,ap-statistics,mcq,false,false,false,false,0
6f05c86a-044f-4152-af3c-b2d61b79fbce,ap-statistics,mcq,false,false,false,false,0
423e45b5-0ce4-4a9c-bdb9-c5c695ab4cfd,ap-statistics,mcq,false,false,false,false,0
842aa22c-4a0d-49cc-b91c-4f994f30d2db,ap-statistics,mcq,false,false,false,false,0
d1c1f39c-eca0-4dae-83c0-f26527434067,ap-statistics,mcq,false,false,false,false,0
3b2603e2-43e4-4636-a099-54213b0da429,ap-statistics,mcq,false,false,false,false,0
d098685b-e0aa-40b2-8151-b635ff0960b0,ap-statistics,mcq,false,false,false,false,0
dbf24537-14df-4cb2-89bb-b1822498074b,ap-statistics,mcq,false,false,false,false,0
db16900a-bd4a-4bae-881b-1852327a1269,ap-statistics,mcq,false,false,false,false,0
6bc15dd8-2089-482d-af27-cd34a10bb6cf,ap-statistics,mcq,false,false,false,false,0
684f24ed-ad59-448f-8946-1b8ac06178bf,ap-statistics,mcq,false,false,false,false,0
2ce51f8f-ecf6-4031-8cdf-f482e8f1b5ee,ap-statistics,mcq,false,false,false,false,0
3db0702b-34ea-4bf7-a032-544722d08c39,ap-statistics,mcq,false,false,false,false,0
4a77f708-7445-40c4-a9cd-1a9662caf647,ap-statistics,mcq,false,false,false,false,0
799e01e4-4998-48a9-81f7-39e24e5e7d21,ap-statistics,mcq,false,false,false,false,0
1353182c-7fd1-41ce-b231-582737980d35,ap-statistics,mcq,false,false,false,false,0
cb01f0f2-a4d9-4abf-940c-1f58626bf162,ap-statistics,mcq,false,false,false,false,0
48e03b22-3821-4f54-b8e9-787ce3878252,ap-statistics,mcq,false,false,false,false,0
1b43c739-1bf9-4def-b0b2-15b0e08cc6aa,ap-statistics,mcq,false,false,false,false,0
1b428340-8bb1-44b7-8451-a3c2cd0c3919,ap-statistics,mcq,false,false,false,false,0
71952051-0fe0-43d0-90e9-b9822bfa8528,ap-statistics,mcq,false,false,false,false,0
5d6f11a0-250a-40fd-b64c-382bb30ddb39,ap-statistics,mcq,false,false,false,false,0
7fe2adb8-31b6-4766-9541-bc640fde234f,ap-statistics,mcq,false,false,false,false,0
967276c3-d74d-47b1-aadc-6eab7cd85185,ap-statistics,mcq,false,false,false,false,0
27fd7a11-b48b-4aea-84ac-871520cfd54f,ap-statistics,mcq,false,false,false,false,0
73d1ffcb-3fb7-403c-b967-1fe5c2384eb8,ap-statistics,mcq,false,false,false,false,0
9afbc9c7-8a25-45ce-969d-9dddda1ef023,ap-statistics,mcq,false,false,false,false,0
034f641f-ebcd-490f-8739-f22fe3bd7675,ap-statistics,mcq,false,false,false,false,0
23467258-fa4c-4312-8c4d-928051e1fa97,ap-statistics,mcq,false,false,false,false,0
6137dac1-c29f-4ef5-8d81-3380526d80c6,ap-statistics,mcq,false,false,false,false,0
8ee8398a-adb9-4c6d-aabc-64fe01bf6dd4,ap-statistics,mcq,false,false,false,false,0
6f241333-e14d-4dcb-aebc-369a8f0ae49f,ap-statistics,mcq,false,false,false,false,0
9c1dfa56-5fdb-4e0f-8898-fc2758beee65,ap-statistics,mcq,false,false,false,false,0
3723ffa2-22fe-4e12-9e34-55d7de9636fe,ap-statistics,mcq,false,false,false,false,0
3141ada2-c89d-466f-b88e-69811f4da68e,ap-statistics,mcq,false,false,false,false,0
8f40f9cc-afd9-465a-abe4-f6bd128e6ae2,ap-statistics,mcq,false,false,false,false,0
6f67d4aa-05ab-4575-b15d-41fb421fa700,ap-statistics,mcq,false,false,false,false,0
bf184b6f-3262-453a-b9db-d8357d1bdc5c,ap-statistics,mcq,false,false,false,false,0
579cb034-9af3-4086-8dce-c3b31e3fc3dc,ap-statistics,mcq,false,false,false,false,0
4fda0bce-5fe7-4372-a06f-7dbe7e96dd8e,ap-statistics,mcq,false,false,false,false,0
5d649f97-945d-4f52-add2-01ac1ca39091,ap-statistics,mcq,false,false,false,false,0
c335cff3-9ad5-4ac8-a98b-c0e38bc9e49b,ap-statistics,mcq,false,false,false,false,0
8e910bd2-2932-4872-8ada-b2e16ca21eca,ap-statistics,mcq,false,false,false,false,0
1664c00a-ce9c-4bc4-87ec-658c77683f3f,ap-statistics,mcq,false,false,false,false,0
00133d35-1021-472c-9111-74b41ae9da19,ap-statistics,mcq,false,false,false,false,0
6920f4b8-81a7-40a2-b6a2-ad9740f3aaa5,ap-statistics,mcq,false,false,false,false,0
3d72aa2b-3ccf-482c-91b3-e71503ed78f0,ap-statistics,mcq,false,false,false,false,0
4225488d-8024-4914-9410-58d63121b298,ap-statistics,mcq,false,false,false,false,0
12a14035-9b50-4006-ae3b-adf396b3e0de,ap-statistics,mcq,false,false,false,false,0
7d462381-73cb-46f8-b7c3-126f71ef0144,ap-statistics,mcq,false,false,false,false,0
9a6f8c54-8797-4248-bb8b-260e2d83fd38,ap-statistics,mcq,false,false,false,false,0
6a90d992-f284-4a85-9149-4d4d4fd62ae3,ap-statistics,mcq,false,false,false,false,0
ffd0d5a8-6929-46d2-ac4a-351f54fa8979,ap-statistics,mcq,false,false,false,false,0
5a221aaf-2764-4b8e-b78f-53c2605c0dc6,ap-statistics,mcq,false,false,false,false,0
2cdbf818-2b2f-4947-b68a-5ed1f5d20a2a,ap-statistics,mcq,false,false,false,false,0
a218504e-e494-4270-b623-175032222ff6,ap-statistics,mcq,false,false,false,false,0
0becb8d8-20d7-4820-8ad3-39fc40c186cc,ap-statistics,mcq,false,false,false,false,0
620ae0de-9035-435c-a21d-25a60e73f8db,ap-statistics,mcq,false,false,false,false,0
9fab8fb3-4a2a-4ad6-a1c5-1354ae4b401d,ap-statistics,mcq,false,false,false,false,0
8af5796e-1e7d-4548-9096-b3fcbac8bec3,ap-statistics,mcq,false,false,false,false,0
29ef41e5-73bf-4656-a826-757bf6fb34e5,ap-statistics,mcq,false,false,false,false,0
885b888d-7544-43d7-9a88-c9160ceb2662,ap-statistics,mcq,false,false,false,false,0
71378b90-34ec-4b4c-a029-d7cb13725c64,ap-statistics,mcq,false,false,false,false,0
407e995d-702e-46eb-9b2e-8c4d2a7ca9d3,ap-statistics,mcq,false,false,false,false,0
22d66f90-7b45-4d26-b001-57d0f9c845e6,ap-statistics,mcq,false,false,false,false,0
f17cb555-9907-4710-b8ad-81640e5c7307,ap-statistics,mcq,false,false,false,false,0
f50bd16b-76f1-4f32-8f08-85b3400e1d5e,ap-statistics,mcq,false,false,false,false,0
f4f5c833-4a97-4874-aa6b-775658f783ce,ap-statistics,mcq,false,false,false,false,0
d9850838-27a8-48c6-8dea-ff46dbace6e8,ap-statistics,mcq,false,false,false,false,0
9432e5a1-29d0-4dc8-ab3c-92bb2b9a6bcd,ap-statistics,mcq,false,false,false,false,0
4680fa25-b743-45b4-89d4-cc1c54ac325e,ap-statistics,mcq,false,false,false,false,0
601aadfe-e7e1-4eca-9a28-9a749a63b7ce,ap-statistics,mcq,false,false,false,false,0
cd922413-6ef6-47fc-9a08-3acd7b292326,ap-statistics,mcq,false,false,false,false,0
34d7a4cc-677e-4aa5-bdcf-ea67228c2a1b,ap-statistics,mcq,false,false,false,false,0
9f40c065-12f7-4eb4-8583-1af6a780e141,ap-statistics,mcq,false,false,false,false,0
baa12732-edbe-4e0a-b44c-3f569784b818,ap-statistics,mcq,false,false,false,false,0
26203ac7-b8c3-49e8-97f3-843cdfc42ca4,ap-statistics,mcq,false,false,false,false,0
ef2a690e-76ab-4809-8f3b-1e1f2ef3a81b,ap-statistics,mcq,false,false,false,false,0
65d894e7-0d2b-4221-874d-0fd7d441f1da,ap-statistics,mcq,false,false,false,false,0
477f8b3e-22cc-46e8-9581-beda87b7ef08,ap-statistics,mcq,false,false,false,false,0
c686fe19-43f5-40b7-bddd-9588d92cd95e,ap-statistics,mcq,false,false,false,false,0
2157bd77-ee62-4e55-8eef-26e769e3f929,ap-statistics,mcq,false,false,false,false,0
ff425057-b916-4853-ac9b-319561e2440b,ap-statistics,mcq,false,false,false,false,0
7fed113a-8dc5-4162-9124-4e472bb861d8,ap-statistics,mcq,false,false,false,false,0
3ca0d36f-10d7-42b0-8e05-1abdbc7df96f,ap-statistics,mcq,false,false,false,false,0
385f10c3-a893-4aac-b9b8-695452c37f92,ap-statistics,mcq,false,false,false,false,0
cbc1bb4a-4ad7-4d94-8b5e-d0b46935b323,ap-statistics,mcq,false,false,false,false,0
0699fd98-5975-4e40-bb66-10f5d9b0bedb,ap-statistics,mcq,false,false,false,false,0
d884687c-3870-4d79-b684-cadd1152875f,ap-statistics,mcq,false,false,false,false,0
0d808171-b06a-4155-a02b-e386d485c24e,ap-statistics,mcq,false,false,false,false,0
e281a7d0-83d8-48a8-9986-a7c3d265cf4c,ap-statistics,mcq,false,false,false,false,0
fa848c20-7799-4707-bcec-fdf737ed9a95,ap-statistics,mcq,false,false,false,false,0
3426719a-5a17-4b68-943f-2d05e4e08144,ap-statistics,mcq,false,false,false,false,0
8f6b2202-b6c4-4935-aae5-4bcc198a975f,ap-statistics,mcq,false,false,false,false,0
52ca1742-9dc5-4de6-9ca9-5fcfc9e60e0a,ap-statistics,mcq,false,false,false,false,0
1e5d852b-96bb-4751-a86f-31a728a28eca,ap-statistics,mcq,false,false,false,false,0
660ac6e9-8791-4f67-af4d-7394d603b724,ap-statistics,mcq,false,false,false,false,0
a3b69385-65ed-438b-bcc8-4ab08402e0f7,ap-statistics,mcq,false,false,false,false,0
9405e091-854b-40b0-809f-810670b784d6,ap-statistics,mcq,false,false,false,false,0
10f12376-b73c-4f75-a333-dcf4cfe7d95a,ap-statistics,mcq,false,false,false,false,0
30ca4e3a-f012-4fd7-a1c8-880cebd6ec73,ap-statistics,mcq,false,false,false,false,0
11d10283-18e9-4639-b04a-05a3218afd90,ap-statistics,mcq,false,false,false,false,0
dd4ba5ac-3d18-4253-a572-6a5c20883e0e,ap-statistics,mcq,false,false,false,false,0
30f2fef2-37ec-4699-9f49-a79de2152285,ap-statistics,mcq,false,false,false,false,0
ce2689ff-d88e-495a-afd8-872a7143f475,ap-statistics,mcq,false,false,false,false,0
1b26150d-b5f3-453e-962a-4d4865235b7c,ap-statistics,mcq,false,false,false,false,0
f53bf38a-6080-43d0-b5fb-8f9cc9ae38e3,ap-statistics,mcq,false,false,false,false,0
fbed1115-c94f-49df-91b4-1d656732fc78,ap-statistics,mcq,false,false,false,false,0
e7d38a9a-629d-44ca-a59e-a8c58db89d9e,ap-statistics,mcq,false,false,false,false,0
1df1c563-2bf3-4453-aa78-9ad1718039e7,ap-statistics,mcq,false,false,false,false,0
358839a0-14cd-4702-af86-534181592afd,ap-statistics,mcq,false,false,false,false,0
d35d0eab-5f50-43a8-9838-eb9933c002db,ap-statistics,mcq,false,false,false,false,0
6d248b16-f668-45a6-8420-3e6e027b4740,ap-statistics,mcq,false,false,false,false,0
bc68b41b-dfa0-4fdd-9c59-1a47ed7a9ffd,ap-statistics,mcq,false,false,false,false,0
9ba067a5-45ce-463e-add4-87c4cd1b6c54,ap-statistics,mcq,false,false,false,false,0
42874775-2b14-47ae-9bce-61e4d8d590b3,ap-statistics,mcq,false,false,false,false,0
6f90363e-bd3b-415e-bc89-5095e86b36be,ap-statistics,mcq,false,false,false,false,0
4ea074e2-f29e-4f03-b59b-f927e0c1deeb,ap-statistics,mcq,false,false,false,false,0
a30f1ce8-6515-4a6b-b36a-6fe8d50f6639,ap-statistics,mcq,false,false,false,false,0
779526c4-2360-438b-baa5-d2bc386181e5,ap-statistics,mcq,false,false,false,false,0
74f6ab83-aadc-450f-92c4-41b2521de3fe,ap-statistics,mcq,false,false,false,false,0
6cb109cb-beb8-4e70-8d90-10151efa2fc3,ap-statistics,mcq,false,false,false,false,0
163fe08f-02f5-4be0-8c80-5642bb60f332,ap-statistics,mcq,false,false,false,false,0
4f43f68d-b4b3-420b-b1a3-2800823ead6f,ap-statistics,mcq,false,false,false,false,0
ac0f6ad6-20a2-4de6-9d29-56f2eee9392a,ap-statistics,mcq,false,false,true,true,0
590cd7ea-cd9a-4a5e-832f-7a00c3f1b8e6,ap-statistics,mcq,false,false,true,true,0
e4f2d003-4353-4a80-9b53-08f3a8d06ab1,ap-statistics,mcq,false,false,true,true,0
6c2e8617-66ed-484a-9fe2-d1bf33a0b5d5,ap-statistics,mcq,false,false,true,true,0
61b590c1-2e52-4bc6-ad7e-399de26f0670,ap-statistics,mcq,false,false,true,true,0
de9b4998-3e88-45ef-aeda-9a238571ebbb,ap-statistics,mcq,false,false,true,true,0
9c06fe8a-ef4e-4ba7-9f78-26a08ade67d1,ap-statistics,mcq,false,false,true,true,0
33ee0e0e-4cb3-431e-bf76-f4f622c2e6ab,ap-statistics,mcq,false,false,true,true,0
ac4b7d87-2e8d-4d69-ba25-fd764e6b497f,ap-statistics,mcq,false,false,true,true,0
acce1443-26d8-463a-91df-414604d7036c,ap-statistics,mcq,false,false,true,true,0
291e1dc4-ce1d-45c9-9a3d-ed206fb5397c,ap-statistics,mcq,false,false,true,true,0
4da611b4-f14f-4478-8a40-2ed9744477c4,ap-statistics,mcq,false,false,true,true,0
e5d16b42-7b57-440b-b3a4-c044bd8c773c,ap-statistics,mcq,false,false,true,true,0
8d27f7fd-b55c-4931-a2e5-2ac4c9f4daed,ap-statistics,mcq,false,false,true,true,0
65238ef6-b008-4543-a3cb-018a6b7c8451,ap-statistics,mcq,false,false,true,true,0
82f24da9-556c-4266-b163-ba2147e558db,ap-statistics,mcq,false,false,true,true,0
4fe5bc8e-8efc-4ac2-8ef2-d235c2321941,ap-statistics,mcq,false,false,true,true,0
5692c37e-d47e-4d0d-8163-6cf2321aff90,ap-statistics,mcq,false,false,true,true,0
2ad32dd5-dee0-48f1-a624-a2b57e127d74,ap-statistics,mcq,false,false,true,true,0
37267cf0-b493-4d79-8991-9716023331c8,ap-statistics,mcq,false,false,true,true,0
6911479d-3b9f-48ae-bd28-f28f775ba509,ap-statistics,mcq,false,false,true,true,0
347b8d6e-259e-4ba5-a2c7-19911381cf51,ap-statistics,mcq,false,false,true,true,0
6f807db9-169e-4ee4-be80-c4a87658a003,ap-statistics,mcq,false,false,true,true,0
fe0b6b43-ebfa-413e-b762-878e5b9713a5,ap-statistics,mcq,false,false,true,true,0
18ae04f7-9b87-4ff6-969f-21aefc78c42c,ap-statistics,mcq,false,false,true,true,0
14499662-732a-400a-8b05-644cc91b3d93,ap-statistics,mcq,false,false,true,true,0
35f102c0-6006-430e-976a-716915fc017a,ap-statistics,mcq,false,false,true,true,0
997bc646-fe66-4c6c-b66f-d5244d3e97cf,ap-statistics,mcq,false,false,true,true,0
bb6e2770-4f62-4701-9432-9d0410fdfcfa,ap-statistics,mcq,false,false,true,true,0
6f8c5dd3-3aca-4cc3-a5fc-26583442abc8,ap-statistics,mcq,false,false,true,true,0
40479152-0fbe-4c34-a845-d6978fb2a37c,ap-statistics,mcq,false,false,true,true,0
88730e3f-91f9-4115-89df-7fe2a405d683,ap-statistics,mcq,false,false,true,true,0
d95ab036-87a0-47ee-ba6e-7433b9dd8f5b,ap-statistics,mcq,false,false,true,true,0
3d4c14b4-84d0-4302-ba3d-8b9441b8c869,ap-statistics,mcq,false,false,true,true,0
6ea124bf-3dee-40cb-8352-f35595e0c4f8,ap-statistics,mcq,false,false,true,true,0
e693fbc2-e0ff-410d-9552-c2ad9e3ebd67,ap-statistics,mcq,false,false,true,true,0
8f418ec5-bb6f-4b5b-879c-72ea36d72bdf,ap-statistics,mcq,false,false,true,true,0
3473d939-a4ff-42f7-b40e-a5dd192c28ab,ap-statistics,mcq,false,false,true,true,0
be65ce51-7d96-412e-91ee-74f468c4181f,ap-statistics,mcq,false,false,true,true,0
771a639a-1537-48bc-9807-f91675e701f2,ap-statistics,mcq,false,false,true,true,0
3213356f-9a3e-47df-a521-f5d442875abf,ap-statistics,mcq,false,false,true,true,0
3e4742b1-67fe-4389-ab41-463a4681e0b4,ap-statistics,mcq,false,false,true,true,0
c62d4174-b221-427d-82e3-d3a2b3ce7dd4,ap-statistics,mcq,false,false,true,true,0
59b1077a-1584-47bc-a529-a9d06afa4c2b,ap-statistics,mcq,false,false,true,true,0
0e960a55-55c5-48d2-a135-2e35b13b258e,ap-statistics,mcq,false,false,true,true,0
be4c4fcd-bd1c-4124-90cb-5b4b52c2f7e5,ap-statistics,mcq,false,false,true,true,0
7c24861b-c7bf-490f-87dd-715a51560c7a,ap-statistics,mcq,false,false,true,true,0
a69b9346-785c-45df-9f29-a6354052e402,ap-statistics,mcq,false,false,true,true,0
3c9929da-fef6-434a-8512-6d857f40c610,ap-statistics,mcq,false,false,true,true,0
a3d44672-c6f9-47c9-a716-47e2dc30be30,ap-statistics,mcq,false,false,true,true,0
423d231a-f0a2-4478-86ac-917bd38ddf91,ap-statistics,mcq,false,false,true,true,0
1ef0193f-85d8-4769-b7cc-f30ef5d493b1,ap-statistics,mcq,false,false,true,true,0
26523b4e-c77f-4ba9-a592-74386841c208,ap-statistics,mcq,false,false,true,true,0
05e76206-dbf6-494f-81cb-a055bc6a3de7,ap-statistics,mcq,false,false,true,true,0
22a1b712-6ab0-4c5a-a3b2-2b3b4e248f41,ap-statistics,mcq,false,false,true,true,0
b33465a7-0f9a-4adc-91e2-1dfa175842eb,ap-statistics,mcq,false,false,true,true,0
38c5be36-fd77-47be-b061-2f9e4d28fc75,ap-statistics,mcq,false,false,true,true,0
e49b8e85-2737-4664-8846-abc96d89a8c5,ap-statistics,mcq,false,false,true,true,0
2cb12761-b0a8-421b-ab3f-8e66d36218b9,ap-statistics,mcq,false,false,true,true,0
46f9669d-56fa-402c-9871-ef5b92646445,ap-statistics,mcq,false,false,true,true,0
80573ffb-e9b5-4507-b530-4b22e742e4e5,ap-statistics,mcq,false,false,true,true,0
b5e36781-5f96-4734-a896-52e7d98ef57b,ap-statistics,mcq,false,false,true,true,0
99eb17f3-cd99-40b3-9af4-465eb5193b11,ap-statistics,mcq,false,false,true,true,0
ecbf39b7-05c2-4632-9a78-126502a2fbc3,ap-statistics,mcq,false,false,true,true,0
e695f3ac-4910-47fc-b811-623bbebc730f,ap-statistics,mcq,false,false,true,true,0
fc7633e2-9b9e-4335-806e-199a64747862,ap-statistics,mcq,false,false,true,true,0
98d10d3a-7eea-481a-854f-7daf0cb997d1,ap-statistics,mcq,false,false,true,true,0
18565f1d-4de3-4e88-9a41-92ed9c84c0fe,ap-statistics,mcq,false,false,true,true,0
0bf79bc4-d0ac-4066-95f6-faaf20382b79,ap-statistics,mcq,false,false,true,true,0
e05caae8-c128-498d-ac50-99f7080be477,ap-statistics,mcq,false,false,true,true,0
bc8bf77c-c3a7-4d91-9862-642eb57d2eb4,ap-statistics,mcq,false,false,true,true,0
1a9fd885-25de-419b-839f-197ca2a9e38d,ap-statistics,mcq,false,false,true,true,0
e518aac2-44b7-40ee-aac3-44ad595193e2,ap-statistics,mcq,false,false,true,true,0
82889042-3bc1-486c-8200-b972410522d6,ap-statistics,mcq,false,false,true,true,0
bd79d09f-1998-45e2-a30a-376c213181df,ap-statistics,mcq,false,false,true,true,0
5aa1ff51-39b1-4ac3-a648-e047574385a3,ap-statistics,mcq,false,false,true,true,0
303cedc1-1c82-4c56-b07b-5661a50cefae,ap-statistics,mcq,false,false,true,true,0
2b68aac7-70cd-4677-9bc0-bf3e71f52bf6,ap-statistics,mcq,false,false,true,true,0
0438c3a5-9016-43e3-9456-0d31907d9868,ap-statistics,mcq,false,false,true,true,0
615ee310-cb1f-47c9-8542-fb968ca51152,ap-statistics,mcq,false,false,true,true,0
4a0cde69-239f-4f41-b3db-b99b50a364af,ap-statistics,mcq,false,false,true,true,0
01987033-09b6-46aa-951e-11eec09f5125,ap-statistics,mcq,false,false,true,true,0
33e696fb-715b-4022-8030-82c642778129,ap-statistics,mcq,false,false,true,true,0
61091d9a-d9e8-4f37-8f5e-c14c49e9acf8,ap-statistics,mcq,false,false,true,true,0
bd5793b6-8c65-4dee-9eda-72a9d6c4a171,ap-statistics,mcq,false,false,true,true,0
c4871d3c-0cdb-46fe-b952-0abd6541d3c4,ap-statistics,mcq,false,false,true,true,0
2f698870-8d90-4a91-a225-cd7ad743d388,ap-statistics,mcq,false,false,true,true,0
03b89bc0-d6e3-4440-abd8-a8b5d851a1cd,ap-statistics,mcq,false,false,true,true,0
98ac4d52-1957-4d57-8f72-a4bbc43a0066,ap-statistics,mcq,false,false,true,true,0
1417fc9f-9177-4044-b44c-d6bbc62e2115,ap-statistics,mcq,false,false,true,true,0
9e1afc88-21ee-4402-8a8f-ca780c570dea,ap-statistics,mcq,false,false,true,true,0
adab9369-6c97-42b9-bd09-b8bd7300d769,ap-statistics,mcq,false,false,true,true,0
57a5f652-1c4a-492a-b292-9f6a2e58ceba,ap-statistics,mcq,false,false,true,true,0
5db92eef-32b8-4e9a-a996-8b5c6b0c91b7,ap-statistics,mcq,false,false,true,true,0
87db6ac3-aaea-4aa8-9afa-6fef36623109,ap-statistics,mcq,false,false,true,true,0
bd64b690-cb9c-462b-95f5-c06dbff2cb51,ap-statistics,mcq,false,false,true,true,0
5f138fc9-756f-4101-9481-35ec982fbb99,ap-statistics,mcq,false,false,true,true,0
1c732cb6-7ff1-4705-9b1b-599341b3e993,ap-statistics,mcq,false,false,true,true,0
e839c580-0946-4974-9b1a-6cbb4f7cd16f,ap-statistics,mcq,false,false,true,true,0
7f1f09c3-1604-404d-a2e1-98049a614123,ap-statistics,mcq,false,false,true,true,0
af13f295-b633-4f76-b702-a4abf6d535e3,ap-statistics,mcq,false,false,true,true,0
b8c56de7-c28f-4eb2-86d4-96d9a9186400,biology,frq,false,true,true,true,4
905df3c1-d797-456c-8caf-cfdb3721b29e,biology,frq,false,true,true,true,4
786c5b62-f352-4077-91bf-b2a788c152c0,biology,frq,false,true,true,true,4
5dca442d-b798-4ce8-9b1a-03ccfaf7aecc,biology,frq,false,true,true,true,6
a1101c5f-7dfa-4899-b766-c8bdf3d1e366,biology,frq,false,true,true,true,4
ccf9a896-ab8f-48b6-9f19-10c043ab14af,biology,frq,false,true,true,true,4
beb10310-b7f6-45fe-922c-b2586ac07677,biology,frq,false,true,true,true,4
4a84a371-50b8-47a1-8089-16ead0b41331,biology,frq,false,true,true,true,4
3f243cab-1291-4bac-8b7a-17ca56aad92c,biology,frq,false,true,true,true,4
f420df2b-d478-4795-b646-0f4a13a04b59,biology,frq,false,true,true,true,4
65bd0d29-e854-416e-bd1c-3b5c966de99c,biology,frq,false,true,true,true,4
0880b181-fd70-4b8e-8659-48aeac65fff0,biology,frq,false,true,true,true,4
6ee01c8f-000f-402c-b224-ada511355345,biology,frq,false,true,true,true,4
490a27e7-d446-4ee0-bb76-fda55d29f5d1,biology,frq,false,true,true,true,4
7e403aba-b29d-4d6f-9cc5-33cff23c2597,biology,frq,false,true,true,true,4
a0fa8005-6513-4521-8e4a-0581ac81cd7e,biology,frq,false,true,true,true,4
eeda718e-35ea-4282-884d-a235e76acd6f,biology,frq,false,true,true,false,2
ec8e7408-1f8a-44d9-9dbb-dd89eb8122b1,biology,frq,false,true,true,false,2
f07ecf14-7cfd-423a-80d1-f83d05d34ccb,biology,frq,false,true,true,false,2
0cb84009-f7a4-4315-975c-34a7fbf06e2b,biology,frq,false,true,true,false,4
15578bad-7da4-4a51-abde-595f5f9601d7,biology,frq,false,true,true,false,4
317c8f23-e810-4163-8f5f-f8ea0036c742,biology,frq,false,true,true,false,4
b4249345-5510-4c46-b072-a1ea8219baa4,biology,frq,false,true,true,false,4
5924211d-ad3e-43cf-9574-f3d900b4f647,biology,frq,false,true,true,false,4
5055732c-6852-4429-8d71-57836d8c5226,biology,frq,false,true,true,false,4
c1e627a9-49f0-4265-96fd-08cdf7169343,biology,frq,false,true,true,false,4
c0d0ec3a-8b19-4ad4-b211-3a7083408b38,biology,frq,false,true,false,false,4
b76a09ff-aecf-4e87-a17b-5b04285a08e7,biology,frq,false,true,false,false,4
a3b95a8c-b537-4f07-aab6-5e3a606d930b,biology,frq,false,true,false,false,4
561eb0a2-a904-41dc-baee-b1b46f057dee,biology,frq,false,true,false,false,4
a7fe6aa6-8d05-4db0-a6bf-b057f549a1ac,biology,frq,false,true,false,false,4
ea4f4f45-60ef-44c9-828b-dbf61892eff7,biology,frq,false,true,false,false,2
ee3aa8b2-c996-4f32-aad4-27cd68568a42,biology,frq,false,true,false,false,2
afd0854c-343d-4e37-a066-05f23d319e03,biology,frq,false,true,false,false,4
dd5e062b-5328-479c-bf77-16dc207957f4,biology,frq,false,true,false,false,4
09a23a59-2ede-438d-b94f-3cbb3e12c8d0,biology,frq,false,true,false,false,4
7e09a039-a38b-4acf-aa67-fdcb8da6d26e,biology,frq,false,true,false,false,4
d2195299-b1b0-4ae9-a109-54fa4b53a846,biology,frq,false,true,false,false,4
ffb44beb-3467-4353-8b05-2715517d4cbb,biology,frq,false,true,false,false,2
9e9936b4-9fa7-4e47-b6f9-7950388318ea,biology,frq,false,true,false,false,4
c49484c4-5e3c-4c0c-a18d-e308055c6370,biology,frq,false,true,false,false,4
d994c1b0-7951-4060-8053-1b4410b488b7,biology,frq,false,true,false,false,4
b32b3a6d-ee7d-4720-b5ad-64547aebd892,biology,frq,false,true,false,false,4
c41250d8-93ec-43fd-b68e-6f157d52c0c8,biology,frq,false,true,false,false,4
dfa7018e-2ec0-409b-ae53-20895537ea68,biology,frq,false,true,false,false,4
149908e1-6c62-49d3-bae7-7ac23f12ce86,biology,frq,false,true,true,false,4
020fe264-1242-488a-aee5-9eb26d3b5faa,biology,frq,false,true,false,false,2
e3e2cd85-0071-4d37-800b-0cba0ae09c69,biology,frq,false,true,false,false,4
69c36745-2e64-4edd-a220-6b8935ed0a74,biology,frq,false,true,false,false,4
9e772ef8-410e-4269-a573-37aeb777833b,biology,frq,false,true,false,false,4
004fa02d-4b3a-42f1-9159-e909ded75d7f,biology,frq,false,true,false,false,4
b29147fe-ca1c-4b33-b8c7-e8e6192220e8,biology,frq,false,true,false,false,4
bf484484-9ce9-45fc-ab45-49b88ae745e7,biology,frq,false,true,false,false,4
f906df10-9c94-4432-9e4f-968e185301ac,biology,frq,false,true,false,false,2
f96c2ad9-7bd0-4950-a9b0-d7492ea30803,biology,frq,false,true,false,false,2
f67ec85b-e2b0-4733-b891-c3e99e076f93,biology,frq,false,true,false,false,2
835d8ce4-93e2-46d2-af6d-adcd4c2713f3,biology,frq,false,true,false,false,4
e0278b91-cfc8-48ef-83b7-a9b4256ddf36,biology,frq,false,true,false,false,4
6d03e381-4f81-4f33-8804-7ea567f12330,biology,frq,false,true,false,false,4
ec200449-df12-4069-8a92-aea33feb36c9,biology,frq,false,true,false,false,2
907a1813-1d45-4b4f-aff7-8382632ef127,biology,frq,false,true,false,false,4
80e917c2-fc85-4aa6-a7e7-1f37050922f8,biology,frq,false,true,false,false,4
5dfd441b-f01b-4dc4-b327-1fe05b12f432,biology,frq,false,true,true,false,4
c992e827-4720-4f1a-b2d4-924a9313e7b3,biology,frq,false,true,false,false,4
ffe8566d-7b98-4526-b58a-f37c4d8ededc,biology,frq,false,true,false,false,2
79cb5876-49bb-4d94-856d-414cd4c629b8,biology,frq,false,true,false,false,4
be78ce36-c01b-47d1-901f-7bf38caa0e7b,biology,frq,false,true,false,false,4
016e7347-2003-45de-9967-619544d691ca,biology,frq,false,true,false,false,2
7640704b-6e1d-4bad-bc74-f3d194324805,biology,frq,false,false,false,false,4
2c275bcc-2927-4910-83b6-fe61552a511b,biology,frq,false,false,false,false,4
ebcdd05b-73a4-49ca-9b2e-96f8bbdef234,biology,frq,false,false,false,false,5
87874651-60bb-40cc-a634-2ce196ad996d,biology,frq,false,false,true,true,4
b738b319-8146-43d5-a2c4-5b292e1f1943,biology,frq,false,false,true,true,4
001fef04-5272-4c9d-9d2b-cde19287bcc7,biology,frq,false,false,true,true,4
3db8a97a-baaf-4ff4-9110-06dd4bc91892,biology,frq,false,false,true,true,5
ccf8a3b4-88a8-4ff7-9844-85769f949666,biology,mcq,false,false,true,true,0
72b21db8-5964-4d58-aae4-94fca62e0224,biology,mcq,false,false,true,true,0
ca5cc6ae-774b-4500-93db-e18bddd48335,biology,mcq,false,false,true,true,0
7d731b39-b795-4b9c-9eea-f1f4a11c3c7e,biology,mcq,false,false,true,true,0
cebc6511-86ef-48e7-a50b-5040fd59cc7f,biology,mcq,false,false,true,true,0
a7f27476-2aff-455d-841d-e8cdc4cf47f8,biology,mcq,false,false,true,true,0
bb7f82db-454f-4635-933c-c80567b31ff9,biology,mcq,false,false,true,true,0
3509fa2a-9e58-4a28-9dc5-547451fd78a4,biology,mcq,false,false,true,true,0
43774df8-fcb5-4979-af3e-e99f22651151,biology,mcq,false,false,true,true,0
12b70712-b8e1-4c88-a199-1769d21716d8,biology,mcq,false,false,true,true,0
d64759de-72fc-4b0b-8f2a-1b6278df42d7,biology,mcq,false,false,true,true,0
09a0df29-1248-48ca-b456-860e4ee96056,biology,mcq,false,false,true,true,0
e8cfa78c-80db-4f78-9c92-643e71e732a9,biology,mcq,false,false,true,true,0
f89cf634-d106-4e39-bd08-86bfcaee946d,biology,mcq,false,false,true,true,0
925a8ee2-4d4f-46fa-acdf-b11ec4e4e01b,biology,mcq,false,false,true,true,0
131394c0-26d6-48fd-8c30-563efe5e3d72,biology,mcq,false,false,true,true,0
bb3560b1-27c2-4049-a23f-807b7c7e3336,biology,mcq,false,false,true,true,0
36f35384-d317-490c-9b64-e9a1c4092802,biology,mcq,false,false,true,true,0
c3f31738-a35a-4fd8-979d-30ee38d2d9c7,biology,mcq,false,false,true,true,0
8ef95e9f-c1a1-4b90-87d7-85658e941dc5,biology,mcq,false,false,true,true,0
7d91a66c-cbd1-4a21-ba80-afead502c7ca,biology,mcq,false,false,true,true,0
fc5ad24a-56b1-4eb5-84ee-73790aa4a351,biology,mcq,false,false,true,true,0
1511bcd7-7d6a-432c-837c-5fd5e2387522,biology,mcq,false,false,true,true,0
3cd93461-f154-4d7f-8acb-2ca71620cc74,biology,mcq,false,false,true,true,0
2beed8b1-f149-4acb-8b8c-46592bcb28f0,biology,mcq,false,false,true,true,0
b60575d3-cd19-4336-9d7b-46bd84b27907,biology,mcq,false,false,true,true,0
d0e17629-7083-4d2f-9ef6-9a76a36c3d40,biology,mcq,false,false,true,true,0
c4908388-08d4-4274-935e-dfb393077cdc,biology,mcq,false,false,true,true,0
2e2c66b7-a563-47eb-abc7-37683745700d,biology,mcq,false,false,true,true,0
37917d44-45e8-438d-9b90-c6ddc460f704,biology,mcq,false,false,true,true,0
de3013c9-bdc6-4994-bf79-523c9c49e791,biology,mcq,false,false,true,true,0
e4f47c41-420e-40dd-921f-343b0fb0b161,biology,mcq,false,false,true,true,0
9b2ef7ea-ae9b-4dc9-9a9c-417eb5eee455,biology,mcq,false,true,true,true,0
13a725ac-38ec-4d14-b061-ee4beec24c3d,biology,mcq,false,true,true,true,0
4b0b8c3f-126a-45b7-8deb-27c2baf47547,biology,mcq,false,false,true,true,0
770859c9-7ac4-4351-b5f0-49bab8ea98b2,biology,mcq,false,false,true,true,0
768cfadd-4205-46ed-85bd-1ed667fb1728,biology,mcq,false,false,true,true,0
dd29ea19-85a9-462b-a0b9-b969d861f6fa,biology,mcq,false,false,true,true,0
667ee67f-c38d-4d05-9cae-b2aea500c097,biology,mcq,false,false,true,true,0
cdd0dc50-fef1-4fcb-aa9d-a0299b8845be,biology,mcq,false,true,true,true,0
6c51e1d8-1b3a-4402-9b1c-c015560ee7fc,biology,mcq,false,false,true,true,0
95f03e91-c50d-4b14-aaca-b554c86b752f,biology,mcq,false,false,true,true,0
cbbba1c3-0859-45da-8d7d-8a99f12a55d6,biology,mcq,false,false,true,true,0

