content_key,content_item_id,content_item_version_id,subject_key,item_type,current_rubric_type,current_evaluator_strategy,prompt_rubric_type,prompt_evaluator_strategy,proposed_rubric_type,proposed_evaluator_strategy,routing_basis,behavior_change,confidence
APBIO-FRQ-L-031,7e403aba-b29d-4d6f-9cc5-33cff23c2597,4bc0591a-b1a8-4709-9e8d-b749210972b7,biology,frq,,,,,discrete_text,llm_discrete_text,published item_type fallback made explicit,none; proposal materializes the route already selected by prompt metadata or item-type fallback,high
APSTAT-MOD3-E002,3a187fa6-d745-463a-be2b-49579aa87a84,882d7377-1634-46a9-88c8-a46680c837db,ap-statistics,frq,,,discrete_text,llm_discrete_text,discrete_text,llm_discrete_text,prompt_json mirror,none; proposal materializes the route already selected by prompt metadata or item-type fallback,high
APSTAT-MOD3-E005,649b4aec-efb7-4ed1-a606-6b873ed321b8,bd6662e5-ef20-4a53-8c9f-0a4010d2470c,ap-statistics,frq,,,discrete_text,llm_discrete_text,discrete_text,llm_discrete_text,prompt_json mirror,none; proposal materializes the route already selected by prompt metadata or item-type fallback,high
APSTAT-MOD3-H001-INV,d2ac22b2-f075-41df-a05d-897aa44f436b,decf1d69-0fb2-4bd6-8d71-a587a46bff57,ap-statistics,frq,,,discrete_text,llm_discrete_text,discrete_text,llm_discrete_text,prompt_json mirror,none; proposal materializes the route already selected by prompt metadata or item-type fallback,high
APSTAT-MOD4-H001-INV,e053bb22-4805-44ab-9003-36b2e93987ab,b045075d-724f-4248-8a3b-e0f0c68e82a0,ap-statistics,frq,,,discrete_text,llm_discrete_text,discrete_text,llm_discrete_text,prompt_json mirror,none; proposal materializes the route already selected by prompt metadata or item-type fallback,high
APSTAT-MOD4-M001,40c0226d-ff9d-4927-8c72-75b1cdbc2dd2,80a0b867-d6e6-4bf6-999c-323c357f10f1,ap-statistics,frq,,,discrete_text,llm_discrete_text,discrete_text,llm_discrete_text,prompt_json mirror,none; proposal materializes the route already selected by prompt metadata or item-type fallback,high
APSTAT-MOD4-M003,a2a8e8f7-f1f4-444f-a31d-cef8ec4d3c11,15a93acc-e093-49fc-ae64-baa0e77a2c5c,ap-statistics,frq,,,discrete_text,llm_discrete_text,discrete_text,llm_discrete_text,prompt_json mirror,none; proposal materializes the route already selected by prompt metadata or item-type fallback,high
APSTAT-MOD4-M004,c2f7d698-bd32-4f2e-bb91-c2119089c233,55a833f4-ab5f-4437-b36f-748038236300,ap-statistics,frq,,,discrete_text,llm_discrete_text,discrete_text,llm_discrete_text,prompt_json mirror,none; proposal materializes the route already selected by prompt metadata or item-type fallback,high
APSTAT-MOD5-H001-INV,c620d7d3-1a93-49ac-8d81-654c7767125f,b0d3059b-0072-44d5-8543-eb16cc79a17b,ap-statistics,frq,,,discrete_text,llm_discrete_text,discrete_text,llm_discrete_text,prompt_json mirror,none; proposal materializes the route already selected by prompt metadata or item-type fallback,high
APSTAT-MOD5-M001,6a376f40-6f50-42b9-b478-27f91cd92aa1,acf20fc2-bc25-42e9-9068-fea69c26c89c,ap-statistics,frq,,,discrete_text,llm_discrete_text,discrete_text,llm_discrete_text,prompt_json mirror,none; proposal materializes the route already selected by prompt metadata or item-type fallback,high
APSTAT-MOD6-H001,d070712f-9e57-4a0b-8af1-ef22b932dd3d,bf471ada-e35b-4d63-b27d-d9aba40722ca,ap-statistics,frq,,,discrete_text,llm_discrete_text,discrete_text,llm_discrete_text,prompt_json mirror,none; proposal materializes the route already selected by prompt metadata or item-type fallback,high
APSTAT-MOD6-H002-INV,a067f214-64d3-48f4-b267-c41ce5fc5e5d,c93a7c33-587b-48dc-9aaf-929e9e3cccc0,ap-statistics,frq,,,discrete_text,llm_discrete_text,discrete_text,llm_discrete_text,prompt_json mirror,none; proposal materializes the route already selected by prompt metadata or item-type fallback,high
APSTAT-MOD6-M002,5808c609-bc29-476a-a404-afa15124ebf3,0d1808ac-8b62-472d-abcb-1d7edd5184ab,ap-statistics,frq,,,discrete_text,llm_discrete_text,discrete_text,llm_discrete_text,prompt_json mirror,none; proposal materializes the route already selected by prompt metadata or item-type fallback,high
APSTAT-MOD7-H002-INV,7d8d53e7-8dc5-4175-b972-688ffe5f9edf,9817ead7-52af-493f-b7ef-dc30c3c4d904,ap-statistics,frq,,,discrete_text,llm_discrete_text,discrete_text,llm_discrete_text,prompt_json mirror,none; proposal materializes the route already selected by prompt metadata or item-type fallback,high
APSTAT-MOD8-M004,35c5517b-23ad-497f-8eb5-10a36b7bcc11,b7db04ce-be58-44b8-bbec-2be286e254d9,ap-statistics,frq,,,discrete_text,llm_discrete_text,discrete_text,llm_discrete_text,prompt_json mirror,none; proposal materializes the route already selected by prompt metadata or item-type fallback,high
APSTATS-MCQ-001-CAL,590cd7ea-cd9a-4a5e-832f-7a00c3f1b8e6,f0d82dd6-21d8-43bf-a786-d3eda22eb544,ap-statistics,mcq,,,mcq,rule_based_mcq,mcq,rule_based_mcq,prompt_json mirror,none; proposal materializes the route already selected by prompt metadata or item-type fallback,high
APSTATS-MCQ-003-CAL,6c2e8617-66ed-484a-9fe2-d1bf33a0b5d5,669f220b-b06c-45e5-98fd-9500811ffffb,ap-statistics,mcq,,,mcq,rule_based_mcq,mcq,rule_based_mcq,prompt_json mirror,none; proposal materializes the route already selected by prompt metadata or item-type fallback,high
APSTATS-MCQ-004-CAL,de9b4998-3e88-45ef-aeda-9a238571ebbb,64612ee1-a24d-4587-a1a3-25d50b4706e8,ap-statistics,mcq,,,mcq,rule_based_mcq,mcq,rule_based_mcq,prompt_json mirror,none; proposal materializes the route already selected by prompt metadata or item-type fallback,high
APSTATS-MCQ-005-CAL,33ee0e0e-4cb3-431e-bf76-f4f622c2e6ab,9a951e40-ade8-4f65-a19d-fd60ef927a77,ap-statistics,mcq,,,mcq,rule_based_mcq,mcq,rule_based_mcq,prompt_json mirror,none; proposal materializes the route already selected by prompt metadata or item-type fallback,high
APSTATS-MCQ-006-CAL,acce1443-26d8-463a-91df-414604d7036c,34dfa75b-703d-4c8b-9d2f-52469c5b23ef,ap-statistics,mcq,,,mcq,rule_based_mcq,mcq,rule_based_mcq,prompt_json mirror,none; proposal materializes the route already selected by prompt metadata or item-type fallback,high
APSTATS-MCQ-008-CAL,291e1dc4-ce1d-45c9-9a3d-ed206fb5397c,b5b551fb-d92c-49d8-9c08-cf64334cf5ba,ap-statistics,mcq,,,mcq,rule_based_mcq,mcq,rule_based_mcq,prompt_json mirror,none; proposal materializes the route already selected by prompt metadata or item-type fallback,high
APSTATS-MCQ-009-CAL,e5d16b42-7b57-440b-b3a4-c044bd8c773c,ed8f2081-caa5-41ce-9f66-ba8e67863cfd,ap-statistics,mcq,,,mcq,rule_based_mcq,mcq,rule_based_mcq,prompt_json mirror,none; proposal materializes the route already selected by prompt metadata or item-type fallback,high
APSTATS-MCQ-010-CAL,8d27f7fd-b55c-4931-a2e5-2ac4c9f4daed,2b5f7fbb-aa4c-456d-99b0-0773f8b14e24,ap-statistics,mcq,,,mcq,rule_based_mcq,mcq,rule_based_mcq,prompt_json mirror,none; proposal materializes the route already selected by prompt metadata or item-type fallback,high
APSTATS-MCQ-011-CAL,82f24da9-556c-4266-b163-ba2147e558db,473ac72e-cb6a-4bba-91b6-6a97907a0f72,ap-statistics,mcq,,,mcq,rule_based_mcq,mcq,rule_based_mcq,prompt_json mirror,none; proposal materializes the route already selected by prompt metadata or item-type fallback,high
APSTATS-MCQ-013-CAL,5692c37e-d47e-4d0d-8163-6cf2321aff90,24df5444-b2fc-4fa0-8295-abb0fe064a84,ap-statistics,mcq,,,mcq,rule_based_mcq,mcq,rule_based_mcq,prompt_json mirror,none; proposal materializes the route already selected by prompt metadata or item-type fallback,high
APSTATS-MCQ-014-CAL,37267cf0-b493-4d79-8991-9716023331c8,52109b9e-9a20-43ef-b443-42f9558e4305,ap-statistics,mcq,,,mcq,rule_based_mcq,mcq,rule_based_mcq,prompt_json mirror,none; proposal materializes the route already selected by prompt metadata or item-type fallback,high
APSTATS-MCQ-016-CAL,6911479d-3b9f-48ae-bd28-f28f775ba509,2bdcb47c-2ed4-402f-a1a1-e33577d8a15d,ap-statistics,mcq,,,mcq,rule_based_mcq,mcq,rule_based_mcq,prompt_json mirror,none; proposal materializes the route already selected by prompt metadata or item-type fallback,high
APSTATS-MCQ-018-CAL,347b8d6e-259e-4ba5-a2c7-19911381cf51,6134fe00-5bbe-469b-a58d-a882b7e57c79,ap-statistics,mcq,,,mcq,rule_based_mcq,mcq,rule_based_mcq,prompt_json mirror,none; proposal materializes the route already selected by prompt metadata or item-type fallback,high
APSTATS-MCQ-019,6f807db9-169e-4ee4-be80-c4a87658a003,fbde3145-2edc-418a-807b-8ad205dedf84,ap-statistics,mcq,,,mcq,rule_based_mcq,mcq,rule_based_mcq,prompt_json mirror,none; proposal materializes the route already selected by prompt metadata or item-type fallback,high
APSTATS-MCQ-020,fe0b6b43-ebfa-413e-b762-878e5b9713a5,7141715f-825a-4e51-be11-dabb120371ca,ap-statistics,mcq,,,mcq,rule_based_mcq,mcq,rule_based_mcq,prompt_json mirror,none; proposal materializes the route already selected by prompt metadata or item-type fallback,high
APSTATS-MCQ-021,18ae04f7-9b87-4ff6-969f-21aefc78c42c,d3588284-6905-4667-b11b-e9d270410f0f,ap-statistics,mcq,,,mcq,rule_based_mcq,mcq,rule_based_mcq,prompt_json mirror,none; proposal materializes the route already selected by prompt metadata or item-type fallback,high
APSTATS-MCQ-022,14499662-732a-400a-8b05-644cc91b3d93,ee90a501-d6ae-4a4e-9d1b-2dba077782df,ap-statistics,mcq,,,mcq,rule_based_mcq,mcq,rule_based_mcq,prompt_json mirror,none; proposal materializes the route already selected by prompt metadata or item-type fallback,high
APSTATS-MCQ-023,35f102c0-6006-430e-976a-716915fc017a,8e478e2a-08ac-41c1-9048-f345cc3df2bb,ap-statistics,mcq,,,mcq,rule_based_mcq,mcq,rule_based_mcq,prompt_json mirror,none; proposal materializes the route already selected by prompt metadata or item-type fallback,high
APSTATS-MCQ-024,997bc646-fe66-4c6c-b66f-d5244d3e97cf,07dc1163-1dad-411a-b70a-c4254b309fe2,ap-statistics,mcq,,,mcq,rule_based_mcq,mcq,rule_based_mcq,prompt_json mirror,none; proposal materializes the route already selected by prompt metadata or item-type fallback,high
APSTATS-MCQ-025,bb6e2770-4f62-4701-9432-9d0410fdfcfa,dbb8de03-54d2-4f6a-b0e4-ed3a92f702e6,ap-statistics,mcq,,,mcq,rule_based_mcq,mcq,rule_based_mcq,prompt_json mirror,none; proposal materializes the route already selected by prompt metadata or item-type fallback,high
APSTATS-MCQ-026,6f8c5dd3-3aca-4cc3-a5fc-26583442abc8,d9e286a3-74b3-4844-ab0a-63ba55fd63be,ap-statistics,mcq,,,mcq,rule_based_mcq,mcq,rule_based_mcq,prompt_json mirror,none; proposal materializes the route already selected by prompt metadata or item-type fallback,high
APSTATS-MCQ-027,40479152-0fbe-4c34-a845-d6978fb2a37c,7a108f76-cd92-41a2-979c-db6513fe9c17,ap-statistics,mcq,,,mcq,rule_based_mcq,mcq,rule_based_mcq,prompt_json mirror,none; proposal materializes the route already selected by prompt metadata or item-type fallback,high
APSTATS-MCQ-028,88730e3f-91f9-4115-89df-7fe2a405d683,b088e116-7949-453f-be4d-bc89ce2d05ef,ap-statistics,mcq,,,mcq,rule_based_mcq,mcq,rule_based_mcq,prompt_json mirror,none; proposal materializes the route already selected by prompt metadata or item-type fallback,high
APSTATS-MCQ-029,d95ab036-87a0-47ee-ba6e-7433b9dd8f5b,0f677e08-6a5f-4ff8-b464-a90ee5f255ee,ap-statistics,mcq,,,mcq,rule_based_mcq,mcq,rule_based_mcq,prompt_json mirror,none; proposal materializes the route already selected by prompt metadata or item-type fallback,high
APSTATS-MCQ-030,3d4c14b4-84d0-4302-ba3d-8b9441b8c869,0a00c482-74fc-4a7a-8acf-9abbcb54596e,ap-statistics,mcq,,,mcq,rule_based_mcq,mcq,rule_based_mcq,prompt_json mirror,none; proposal materializes the route already selected by prompt metadata or item-type fallback,high
APSTATS-MCQ-031,6ea124bf-3dee-40cb-8352-f35595e0c4f8,eb0ff391-566d-484b-9774-e2ab98dc28b3,ap-statistics,mcq,,,mcq,rule_based_mcq,mcq,rule_based_mcq,prompt_json mirror,none; proposal materializes the route already selected by prompt metadata or item-type fallback,high
APSTATS-MCQ-032,e693fbc2-e0ff-410d-9552-c2ad9e3ebd67,cc3d551e-f0e0-400c-94b3-dc282aa0440a,ap-statistics,mcq,,,mcq,rule_based_mcq,mcq,rule_based_mcq,prompt_json mirror,none; proposal materializes the route already selected by prompt metadata or item-type fallback,high
APSTATS-MCQ-033,8f418ec5-bb6f-4b5b-879c-72ea36d72bdf,745c5d49-8013-433e-a0e7-7f24217e8026,ap-statistics,mcq,,,mcq,rule_based_mcq,mcq,rule_based_mcq,prompt_json mirror,none; proposal materializes the route already selected by prompt metadata or item-type fallback,high
APSTATS-MCQ-034,3473d939-a4ff-42f7-b40e-a5dd192c28ab,2de8949a-8ddb-46a7-85fc-35eebd0ace60,ap-statistics,mcq,,,mcq,rule_based_mcq,mcq,rule_based_mcq,prompt_json mirror,none; proposal materializes the route already selected by prompt metadata or item-type fallback,high
APSTATS-MCQ-035,be65ce51-7d96-412e-91ee-74f468c4181f,6a25809a-3ded-457c-982a-920144983361,ap-statistics,mcq,,,mcq,rule_based_mcq,mcq,rule_based_mcq,prompt_json mirror,none; proposal materializes the route already selected by prompt metadata or item-type fallback,high
APSTATS-MCQ-036,771a639a-1537-48bc-9807-f91675e701f2,86c4d1f9-5590-4a87-85f3-30a49904cabd,ap-statistics,mcq,,,mcq,rule_based_mcq,mcq,rule_based_mcq,prompt_json mirror,none; proposal materializes the route already selected by prompt metadata or item-type fallback,high
APSTATS-MCQ-037,3213356f-9a3e-47df-a521-f5d442875abf,b16c8b73-287e-427f-be64-f516b395ada9,ap-statistics,mcq,,,mcq,rule_based_mcq,mcq,rule_based_mcq,prompt_json mirror,none; proposal materializes the route already selected by prompt metadata or item-type fallback,high
APSTATS-MCQ-038,3e4742b1-67fe-4389-ab41-463a4681e0b4,e0d8f8ae-9a57-4162-a5a2-bff62180c322,ap-statistics,mcq,,,mcq,rule_based_mcq,mcq,rule_based_mcq,prompt_json mirror,none; proposal materializes the route already selected by prompt metadata or item-type fallback,high
APSTATS-MCQ-039,c62d4174-b221-427d-82e3-d3a2b3ce7dd4,9ede0596-b285-4fb6-b1df-717ed199b3a8,ap-statistics,mcq,,,mcq,rule_based_mcq,mcq,rule_based_mcq,prompt_json mirror,none; proposal materializes the route already selected by prompt metadata or item-type fallback,high
APSTATS-MCQ-040,59b1077a-1584-47bc-a529-a9d06afa4c2b,72ff2392-7b2e-4949-95f5-d556d3fdd6ff,ap-statistics,mcq,,,mcq,rule_based_mcq,mcq,rule_based_mcq,prompt_json mirror,none; proposal materializes the route already selected by prompt metadata or item-type fallback,high
APSTATS-MCQ-041,0e960a55-55c5-48d2-a135-2e35b13b258e,c180ab2b-d302-4e03-931c-f013a749f3f3,ap-statistics,mcq,,,mcq,rule_based_mcq,mcq,rule_based_mcq,prompt_json mirror,none; proposal materializes the route already selected by prompt metadata or item-type fallback,high
APSTATS-MCQ-042,be4c4fcd-bd1c-4124-90cb-5b4b52c2f7e5,9fc61bee-5442-4161-ba09-21aed4627188,ap-statistics,mcq,,,mcq,rule_based_mcq,mcq,rule_based_mcq,prompt_json mirror,none; proposal materializes the route already selected by prompt metadata or item-type fallback,high
APSTATS-MCQ-043,7c24861b-c7bf-490f-87dd-715a51560c7a,b198739b-0eaa-44bf-b553-d1b8e34f31a1,ap-statistics,mcq,,,mcq,rule_based_mcq,mcq,rule_based_mcq,prompt_json mirror,none; proposal materializes the route already selected by prompt metadata or item-type fallback,high
APSTATS-MCQ-044,a69b9346-785c-45df-9f29-a6354052e402,f3ddd289-cd3b-4800-a413-1887573c4961,ap-statistics,mcq,,,mcq,rule_based_mcq,mcq,rule_based_mcq,prompt_json mirror,none; proposal materializes the route already selected by prompt metadata or item-type fallback,high
APSTATS-MCQ-045,3c9929da-fef6-434a-8512-6d857f40c610,1825f66b-fd3d-46fa-89f1-b20f7c552895,ap-statistics,mcq,,,mcq,rule_based_mcq,mcq,rule_based_mcq,prompt_json mirror,none; proposal materializes the route already selected by prompt metadata or item-type fallback,high
APSTATS-MCQ-046,a3d44672-c6f9-47c9-a716-47e2dc30be30,1b5b2fe3-9c91-469b-a753-4ca46a926432,ap-statistics,mcq,,,mcq,rule_based_mcq,mcq,rule_based_mcq,prompt_json mirror,none; proposal materializes the route already selected by prompt metadata or item-type fallback,high
APSTATS-MCQ-047,423d231a-f0a2-4478-86ac-917bd38ddf91,f3989253-05a9-487a-80da-a9cc317c5a2a,ap-statistics,mcq,,,mcq,rule_based_mcq,mcq,rule_based_mcq,prompt_json mirror,none; proposal materializes the route already selected by prompt metadata or item-type fallback,high
APSTATS-MCQ-048,1ef0193f-85d8-4769-b7cc-f30ef5d493b1,d73e4a76-8708-44e3-923c-c20ef2dce583,ap-statistics,mcq,,,mcq,rule_based_mcq,mcq,rule_based_mcq,prompt_json mirror,none; proposal materializes the route already selected by prompt metadata or item-type fallback,high
APSTATS-MCQ-049,26523b4e-c77f-4ba9-a592-74386841c208,292ce937-5171-45cb-ab97-36848147b399,ap-statistics,mcq,,,mcq,rule_based_mcq,mcq,rule_based_mcq,prompt_json mirror,none; proposal materializes the route already selected by prompt metadata or item-type fallback,high
APSTATS-MCQ-050,05e76206-dbf6-494f-81cb-a055bc6a3de7,d7e0f2f6-6450-4a15-b928-c8c176c147a4,ap-statistics,mcq,,,mcq,rule_based_mcq,mcq,rule_based_mcq,prompt_json mirror,none; proposal materializes the route already selected by prompt metadata or item-type fallback,high
APSTATS-MCQ-051,22a1b712-6ab0-4c5a-a3b2-2b3b4e248f41,7a17fc0d-8a82-4271-bf6f-21690d9242b6,ap-statistics,mcq,,,mcq,rule_based_mcq,mcq,rule_based_mcq,prompt_json mirror,none; proposal materializes the route already selected by prompt metadata or item-type fallback,high
APSTATS-MCQ-052,b33465a7-0f9a-4adc-91e2-1dfa175842eb,56e5bafc-b49c-40c1-8477-5901f84e308e,ap-statistics,mcq,,,mcq,rule_based_mcq,mcq,rule_based_mcq,prompt_json mirror,none; proposal materializes the route already selected by prompt metadata or item-type fallback,high
APSTATS-MCQ-053,38c5be36-fd77-47be-b061-2f9e4d28fc75,606835ad-faa0-45de-9e59-fc31ea724592,ap-statistics,mcq,,,mcq,rule_based_mcq,mcq,rule_based_mcq,prompt_json mirror,none; proposal materializes the route already selected by prompt metadata or item-type fallback,high
APSTATS-MCQ-054,e49b8e85-2737-4664-8846-abc96d89a8c5,b1c6dd0e-9be2-471b-986c-583e31c859d5,ap-statistics,mcq,,,mcq,rule_based_mcq,mcq,rule_based_mcq,prompt_json mirror,none; proposal materializes the route already selected by prompt metadata or item-type fallback,high
APSTATS-MCQ-055,2cb12761-b0a8-421b-ab3f-8e66d36218b9,316fbac2-416c-4538-8ca1-ad2d9191ecdc,ap-statistics,mcq,,,mcq,rule_based_mcq,mcq,rule_based_mcq,prompt_json mirror,none; proposal materializes the route already selected by prompt metadata or item-type fallback,high
APSTATS-MCQ-056,46f9669d-56fa-402c-9871-ef5b92646445,654002f4-3a24-4498-9e37-4879461a2816,ap-statistics,mcq,,,mcq,rule_based_mcq,mcq,rule_based_mcq,prompt_json mirror,none; proposal materializes the route already selected by prompt metadata or item-type fallback,high
APSTATS-MCQ-057,80573ffb-e9b5-4507-b530-4b22e742e4e5,89cb0fc2-0252-4f31-ad05-5ac287e78a38,ap-statistics,mcq,,,mcq,rule_based_mcq,mcq,rule_based_mcq,prompt_json mirror,none; proposal materializes the route already selected by prompt metadata or item-type fallback,high
APSTATS-MCQ-058,b5e36781-5f96-4734-a896-52e7d98ef57b,4cb2b3d6-4c27-4427-9bd9-75e486e63429,ap-statistics,mcq,,,mcq,rule_based_mcq,mcq,rule_based_mcq,prompt_json mirror,none; proposal materializes the route already selected by prompt metadata or item-type fallback,high
APSTATS-MCQ-059,99eb17f3-cd99-40b3-9af4-465eb5193b11,e6bafd72-01af-4388-b8c0-8b604b3992a6,ap-statistics,mcq,,,mcq,rule_based_mcq,mcq,rule_based_mcq,prompt_json mirror,none; proposal materializes the route already selected by prompt metadata or item-type fallback,high
APSTATS-MCQ-060,ecbf39b7-05c2-4632-9a78-126502a2fbc3,0ea7e612-9966-4a29-8b89-f5465316c4c1,ap-statistics,mcq,,,mcq,rule_based_mcq,mcq,rule_based_mcq,prompt_json mirror,none; proposal materializes the route already selected by prompt metadata or item-type fallback,high
APSTATS-MCQ-061,e695f3ac-4910-47fc-b811-623bbebc730f,18a28599-e193-469f-a5c9-5bfd767a717b,ap-statistics,mcq,,,mcq,rule_based_mcq,mcq,rule_based_mcq,prompt_json mirror,none; proposal materializes the route already selected by prompt metadata or item-type fallback,high
APSTATS-MCQ-062,fc7633e2-9b9e-4335-806e-199a64747862,ce3272ff-7837-4d4f-97af-55b1979fa1b6,ap-statistics,mcq,,,mcq,rule_based_mcq,mcq,rule_based_mcq,prompt_json mirror,none; proposal materializes the route already selected by prompt metadata or item-type fallback,high
APSTATS-MCQ-063,98d10d3a-7eea-481a-854f-7daf0cb997d1,b0d4e487-4202-4edd-842b-c6d01b1d0768,ap-statistics,mcq,,,mcq,rule_based_mcq,mcq,rule_based_mcq,prompt_json mirror,none; proposal materializes the route already selected by prompt metadata or item-type fallback,high
APSTATS-MCQ-064,18565f1d-4de3-4e88-9a41-92ed9c84c0fe,a5fe7a0c-182a-41a1-adeb-043534bf594f,ap-statistics,mcq,,,mcq,rule_based_mcq,mcq,rule_based_mcq,prompt_json mirror,none; proposal materializes the route already selected by prompt metadata or item-type fallback,high
APSTATS-MCQ-065,0bf79bc4-d0ac-4066-95f6-faaf20382b79,1f797ea1-a552-4685-aca4-4f286a6e364a,ap-statistics,mcq,,,mcq,rule_based_mcq,mcq,rule_based_mcq,prompt_json mirror,none; proposal materializes the route already selected by prompt metadata or item-type fallback,high
APSTATS-MCQ-066,e05caae8-c128-498d-ac50-99f7080be477,baddaff9-6859-4898-abd1-434dc0530278,ap-statistics,mcq,,,mcq,rule_based_mcq,mcq,rule_based_mcq,prompt_json mirror,none; proposal materializes the route already selected by prompt metadata or item-type fallback,high
APSTATS-MCQ-067,bc8bf77c-c3a7-4d91-9862-642eb57d2eb4,8c4d5425-a4ed-4d80-b6a8-a30e08a243ed,ap-statistics,mcq,,,mcq,rule_based_mcq,mcq,rule_based_mcq,prompt_json mirror,none; proposal materializes the route already selected by prompt metadata or item-type fallback,high
APSTATS-MCQ-068,1a9fd885-25de-419b-839f-197ca2a9e38d,fabe1511-27c6-4a53-a3ca-7482751b40ac,ap-statistics,mcq,,,mcq,rule_based_mcq,mcq,rule_based_mcq,prompt_json mirror,none; proposal materializes the route already selected by prompt metadata or item-type fallback,high
APSTATS-MCQ-069,e518aac2-44b7-40ee-aac3-44ad595193e2,b7783182-aaf1-4ab6-b9c0-4ab603588b94,ap-statistics,mcq,,,mcq,rule_based_mcq,mcq,rule_based_mcq,prompt_json mirror,none; proposal materializes the route already selected by prompt metadata or item-type fallback,high
APSTATS-MCQ-070,82889042-3bc1-486c-8200-b972410522d6,05ff0a70-0ce4-47e4-8310-7d9241ae2af1,ap-statistics,mcq,,,mcq,rule_based_mcq,mcq,rule_based_mcq,prompt_json mirror,none; proposal materializes the route already selected by prompt metadata or item-type fallback,high
APSTATS-MCQ-071,bd79d09f-1998-45e2-a30a-376c213181df,e8114413-8afb-421c-9315-0d9362285834,ap-statistics,mcq,,,mcq,rule_based_mcq,mcq,rule_based_mcq,prompt_json mirror,none; proposal materializes the route already selected by prompt metadata or item-type fallback,high
APSTATS-MCQ-072,5aa1ff51-39b1-4ac3-a648-e047574385a3,8e5235c6-e540-4f11-9e8a-7a7412af1956,ap-statistics,mcq,,,mcq,rule_based_mcq,mcq,rule_based_mcq,prompt_json mirror,none; proposal materializes the route already selected by prompt metadata or item-type fallback,high
APSTATS-MCQ-073,303cedc1-1c82-4c56-b07b-5661a50cefae,79a46327-19e7-41df-9bcd-01d820f0d6d7,ap-statistics,mcq,,,mcq,rule_based_mcq,mcq,rule_based_mcq,prompt_json mirror,none; proposal materializes the route already selected by prompt metadata or item-type fallback,high
APSTATS-MCQ-074,2b68aac7-70cd-4677-9bc0-bf3e71f52bf6,d070a56f-521f-402b-b2ca-96c273b28c16,ap-statistics,mcq,,,mcq,rule_based_mcq,mcq,rule_based_mcq,prompt_json mirror,none; proposal materializes the route already selected by prompt metadata or item-type fallback,high
APSTATS-MCQ-075,0438c3a5-9016-43e3-9456-0d31907d9868,377b46a4-9d1d-4f3c-a875-219b971a88a8,ap-statistics,mcq,,,mcq,rule_based_mcq,mcq,rule_based_mcq,prompt_json mirror,none; proposal materializes the route already selected by prompt metadata or item-type fallback,high
APSTATS-MCQ-076,615ee310-cb1f-47c9-8542-fb968ca51152,36cdafd8-68f7-46a7-b3cd-0800bb10c360,ap-statistics,mcq,,,mcq,rule_based_mcq,mcq,rule_based_mcq,prompt_json mirror,none; proposal materializes the route already selected by prompt metadata or item-type fallback,high
APSTATS-MCQ-078,4a0cde69-239f-4f41-b3db-b99b50a364af,23fa21e5-afe2-4046-9f2c-4115d3515828,ap-statistics,mcq,,,mcq,rule_based_mcq,mcq,rule_based_mcq,prompt_json mirror,none; proposal materializes the route already selected by prompt metadata or item-type fallback,high
APSTATS-MCQ-079,01987033-09b6-46aa-951e-11eec09f5125,c7caf9d7-21ff-4a00-a0a8-d14ab2b260b4,ap-statistics,mcq,,,mcq,rule_based_mcq,mcq,rule_based_mcq,prompt_json mirror,none; proposal materializes the route already selected by prompt metadata or item-type fallback,high
APSTATS-MCQ-080,33e696fb-715b-4022-8030-82c642778129,17ad586e-f311-4f7d-b02f-5fcdd9ae6fbe,ap-statistics,mcq,,,mcq,rule_based_mcq,mcq,rule_based_mcq,prompt_json mirror,none; proposal materializes the route already selected by prompt metadata or item-type fallback,high
APSTATS-MCQ-081,61091d9a-d9e8-4f37-8f5e-c14c49e9acf8,731f52d2-5d52-4bd4-8492-78346923b50f,ap-statistics,mcq,,,mcq,rule_based_mcq,mcq,rule_based_mcq,prompt_json mirror,none; proposal materializes the route already selected by prompt metadata or item-type fallback,high
APSTATS-MCQ-082,bd5793b6-8c65-4dee-9eda-72a9d6c4a171,5d06a7b5-bbb4-4395-be72-01f76dcdfd7b,ap-statistics,mcq,,,mcq,rule_based_mcq,mcq,rule_based_mcq,prompt_json mirror,none; proposal materializes the route already selected by prompt metadata or item-type fallback,high
APSTATS-MCQ-083,c4871d3c-0cdb-46fe-b952-0abd6541d3c4,0adf9714-cd48-4bda-a3fa-81b51a7f08cb,ap-statistics,mcq,,,mcq,rule_based_mcq,mcq,rule_based_mcq,prompt_json mirror,none; proposal materializes the route already selected by prompt metadata or item-type fallback,high
APSTATS-MCQ-084,2f698870-8d90-4a91-a225-cd7ad743d388,6e950b9f-b741-4ee0-bf9e-c2a394fc626a,ap-statistics,mcq,,,mcq,rule_based_mcq,mcq,rule_based_mcq,prompt_json mirror,none; proposal materializes the route already selected by prompt metadata or item-type fallback,high
APSTATS-MCQ-085,03b89bc0-d6e3-4440-abd8-a8b5d851a1cd,4c0eead9-c548-41df-a21a-ef63f9bf8ff2,ap-statistics,mcq,,,mcq,rule_based_mcq,mcq,rule_based_mcq,prompt_json mirror,none; proposal materializes the route already selected by prompt metadata or item-type fallback,high
APSTATS-MCQ-087,98ac4d52-1957-4d57-8f72-a4bbc43a0066,84fc4ee3-2efc-4ba9-bc54-651ba79a0508,ap-statistics,mcq,,,mcq,rule_based_mcq,mcq,rule_based_mcq,prompt_json mirror,none; proposal materializes the route already selected by prompt metadata or item-type fallback,high
APSTATS-MCQ-088,1417fc9f-9177-4044-b44c-d6bbc62e2115,27011504-7124-4ddc-a790-d8dbfdb37484,ap-statistics,mcq,,,mcq,rule_based_mcq,mcq,rule_based_mcq,prompt_json mirror,none; proposal materializes the route already selected by prompt metadata or item-type fallback,high
APSTATS-MCQ-090,9e1afc88-21ee-4402-8a8f-ca780c570dea,5e097357-4b8b-4c36-aaf6-afd256af7f79,ap-statistics,mcq,,,mcq,rule_based_mcq,mcq,rule_based_mcq,prompt_json mirror,none; proposal materializes the route already selected by prompt metadata or item-type fallback,high
APSTATS-MCQ-091,adab9369-6c97-42b9-bd09-b8bd7300d769,4408d578-eb8c-440c-8108-848035c4f93f,ap-statistics,mcq,,,mcq,rule_based_mcq,mcq,rule_based_mcq,prompt_json mirror,none; proposal materializes the route already selected by prompt metadata or item-type fallback,high
APSTATS-MCQ-092,57a5f652-1c4a-492a-b292-9f6a2e58ceba,5e770265-7e3d-451c-baab-2b4f0e848528,ap-statistics,mcq,,,mcq,rule_based_mcq,mcq,rule_based_mcq,prompt_json mirror,none; proposal materializes the route already selected by prompt metadata or item-type fallback,high
APSTATS-MCQ-093,5db92eef-32b8-4e9a-a996-8b5c6b0c91b7,21ed73e0-41c9-43fd-b7ca-a4dbd6d5c771,ap-statistics,mcq,,,mcq,rule_based_mcq,mcq,rule_based_mcq,prompt_json mirror,none; proposal materializes the route already selected by prompt metadata or item-type fallback,high
APSTATS-MCQ-094,87db6ac3-aaea-4aa8-9afa-6fef36623109,19974a3c-d85a-4c57-b70c-77dfe4e186b1,ap-statistics,mcq,,,mcq,rule_based_mcq,mcq,rule_based_mcq,prompt_json mirror,none; proposal materializes the route already selected by prompt metadata or item-type fallback,high
APSTATS-MCQ-095,bd64b690-cb9c-462b-95f5-c06dbff2cb51,45193c5d-0eb5-4bf0-ab90-1172dc07b43e,ap-statistics,mcq,,,mcq,rule_based_mcq,mcq,rule_based_mcq,prompt_json mirror,none; proposal materializes the route already selected by prompt metadata or item-type fallback,high
APSTATS-MCQ-096,5f138fc9-756f-4101-9481-35ec982fbb99,d0e985be-e015-48c6-ab6e-9ed4646a3ac5,ap-statistics,mcq,,,mcq,rule_based_mcq,mcq,rule_based_mcq,prompt_json mirror,none; proposal materializes the route already selected by prompt metadata or item-type fallback,high
APSTATS-MCQ-097,1c732cb6-7ff1-4705-9b1b-599341b3e993,53cc851c-99fb-40d1-a284-0279a06e6bb7,ap-statistics,mcq,,,mcq,rule_based_mcq,mcq,rule_based_mcq,prompt_json mirror,none; proposal materializes the route already selected by prompt metadata or item-type fallback,high
APSTATS-MCQ-098,e839c580-0946-4974-9b1a-6cbb4f7cd16f,af0c68fe-edfb-4726-88f1-2524e6fdea73,ap-statistics,mcq,,,mcq,rule_based_mcq,mcq,rule_based_mcq,prompt_json mirror,none; proposal materializes the route already selected by prompt metadata or item-type fallback,high
APSTATS-MCQ-099,7f1f09c3-1604-404d-a2e1-98049a614123,2396c502-1082-43d2-8b32-308a99e1f40b,ap-statistics,mcq,,,mcq,rule_based_mcq,mcq,rule_based_mcq,prompt_json mirror,none; proposal materializes the route already selected by prompt metadata or item-type fallback,high
APSTATS-MCQ-100,af13f295-b633-4f76-b702-a4abf6d535e3,9bbb936d-faa0-48b3-962b-73e5c4750c17,ap-statistics,mcq,,,mcq,rule_based_mcq,mcq,rule_based_mcq,prompt_json mirror,none; proposal materializes the route already selected by prompt metadata or item-type fallback,high
STATS-MOD1-E001,1a5a44ca-1545-4ea0-bc50-86ac0489ff6c,500a0a0c-f82d-498c-a53d-c523624edda7,ap-statistics,frq,,,discrete_text,llm_discrete_text,discrete_text,llm_discrete_text,prompt_json mirror,none; proposal materializes the route already selected by prompt metadata or item-type fallback,high
STATS-MOD1-E002,43780d98-4cea-432e-86d7-182baf4d422c,f99d019c-6b73-4f89-bd9e-9dc731e6b5f3,ap-statistics,frq,,,discrete_text,llm_discrete_text,discrete_text,llm_discrete_text,prompt_json mirror,none; proposal materializes the route already selected by prompt metadata or item-type fallback,high
STATS-MOD1-E003,2d8d4d3d-1af7-4f45-b32e-93e8c9f03ce0,76ca33ec-f07a-4bf6-83f6-d45bd2fb4c7b,ap-statistics,frq,,,discrete_text,llm_discrete_text,discrete_text,llm_discrete_text,prompt_json mirror,none; proposal materializes the route already selected by prompt metadata or item-type fallback,high
STATS-MOD1-E005,cfabb50f-6bee-4c75-af53-7ba415dd697f,f4297ecb-da88-4422-a13a-d347231ebc68,ap-statistics,frq,,,discrete_text,llm_discrete_text,discrete_text,llm_discrete_text,prompt_json mirror,none; proposal materializes the route already selected by prompt metadata or item-type fallback,high
STATS-MOD1-M001,d2affbe0-2481-4f00-8054-d42ff6398b27,b2f2de47-2c10-4b83-bf97-89cdfd695e18,ap-statistics,frq,,,discrete_text,llm_discrete_text,discrete_text,llm_discrete_text,prompt_json mirror,none; proposal materializes the route already selected by prompt metadata or item-type fallback,high
STATS-MOD3-H006,d9fb8bc8-8534-4259-ae09-8a82243aabce,cdcd1b0e-f691-4e4e-9fa8-ac68d393cfa0,ap-statistics,frq,,,discrete_text,llm_discrete_text,discrete_text,llm_discrete_text,prompt_json mirror,none; proposal materializes the route already selected by prompt metadata or item-type fallback,high
STATS-MOD3-M006,0f7571c4-4327-45cf-9cc4-d9f822c8db65,8bf641e9-9524-47d4-8062-cbde41e6574e,ap-statistics,frq,,,discrete_text,llm_discrete_text,discrete_text,llm_discrete_text,prompt_json mirror,none; proposal materializes the route already selected by prompt metadata or item-type fallback,high
STATS-MOD3-M007,07edc710-16bb-4c09-b7d2-789cdc5a9926,90fdfeba-dc7f-464c-9420-06a78ddb1830,ap-statistics,frq,,,discrete_text,llm_discrete_text,discrete_text,llm_discrete_text,prompt_json mirror,none; proposal materializes the route already selected by prompt metadata or item-type fallback,high
STATS-MOD4-E005,af82b114-64dc-4161-a900-4e6de29ab303,f112c2b6-7101-4fb9-bee4-94d2c90ef8c4,ap-statistics,frq,,,discrete_text,llm_discrete_text,discrete_text,llm_discrete_text,prompt_json mirror,none; proposal materializes the route already selected by prompt metadata or item-type fallback,high
STATS-MOD4-H012,bb2c9c91-f2c9-4312-a416-e6867c3fdaf3,a52543cb-3b89-4cdf-ab6c-33698e75d9a6,ap-statistics,frq,,,discrete_text,llm_discrete_text,discrete_text,llm_discrete_text,prompt_json mirror,none; proposal materializes the route already selected by prompt metadata or item-type fallback,high
STATS-MOD4-M009,85d23dca-8f05-4e9e-9dbe-22600f8c5528,3e2d90af-711c-4c4c-a090-fed3cebd2159,ap-statistics,frq,,,discrete_text,llm_discrete_text,discrete_text,llm_discrete_text,prompt_json mirror,none; proposal materializes the route already selected by prompt metadata or item-type fallback,high
STATS-MOD9-H018,4c9180d9-3f05-4fb6-a5f5-0b1e59100ad8,b539a1fe-8edb-49ef-ae56-c5e28f9bae10,ap-statistics,frq,,,discrete_text,llm_discrete_text,discrete_text,llm_discrete_text,prompt_json mirror,none; proposal materializes the route already selected by prompt metadata or item-type fallback,high
apcalcab-mcq-np2-001,d777ae35-fe33-455c-b7cc-f61cd94637d8,771dee16-a72e-4e4c-ae4b-853c1a9e4e37,ap-calculus-ab,mcq,,,,,mcq,rule_based_mcq,published item_type fallback made explicit,none; proposal materializes the route already selected by prompt metadata or item-type fallback,high
apcalcab-mcq-np2-002,4a9b88d9-bfd9-4d9d-875a-d9d799998934,05bc02e0-3ca9-45f2-9643-e69eddd4161b,ap-calculus-ab,mcq,,,,,mcq,rule_based_mcq,published item_type fallback made explicit,none; proposal materializes the route already selected by prompt metadata or item-type fallback,high
apcalcab-mcq-np2-003,429dbfb9-594c-4a8f-bf6d-65eb0296f465,df73f375-1e54-4c0f-a847-137c1d14103c,ap-calculus-ab,mcq,,,,,mcq,rule_based_mcq,published item_type fallback made explicit,none; proposal materializes the route already selected by prompt metadata or item-type fallback,high
apcalcab-mcq-np2-004,1981dd27-8030-4dfa-8167-15efb1ea3800,c56f7008-6b5f-4b7a-a5b1-1e885b68ad89,ap-calculus-ab,mcq,,,,,mcq,rule_based_mcq,published item_type fallback made explicit,none; proposal materializes the route already selected by prompt metadata or item-type fallback,high
apcalcab-mcq-np2-005,9a9e1740-ab4a-4dae-b160-6333b46a6e8e,580c88e3-b631-48cf-8cd0-52a8a151a9ef,ap-calculus-ab,mcq,,,,,mcq,rule_based_mcq,published item_type fallback made explicit,none; proposal materializes the route already selected by prompt metadata or item-type fallback,high
apcalcab-mcq-np2-006,73fe2e20-b7ee-4947-92c9-a1128b8d83d8,a606fa68-dd58-44cc-8103-8928f6239452,ap-calculus-ab,mcq,,,,,mcq,rule_based_mcq,published item_type fallback made explicit,none; proposal materializes the route already selected by prompt metadata or item-type fallback,high
apcalcab-mcq-np2-007,5417b17c-f89f-43f4-913e-5474a95a86df,8d70b5e5-45f8-4a63-af0f-8f00b605e7dc,ap-calculus-ab,mcq,,,,,mcq,rule_based_mcq,published item_type fallback made explicit,none; proposal materializes the route already selected by prompt metadata or item-type fallback,high
apcalcab-mcq-np2-008,ac074afa-13f6-4ff7-bddc-e5ddedfb4d1f,b7da8007-1029-4fed-84f7-08354fb31397,ap-calculus-ab,mcq,,,,,mcq,rule_based_mcq,published item_type fallback made explicit,none; proposal materializes the route already selected by prompt metadata or item-type fallback,high
apcalcab-mcq-np2-009,69014292-55f2-455b-bebb-fa7df072e6de,9322a7ab-2a93-4b6f-8046-0ccaa6de3ba0,ap-calculus-ab,mcq,,,,,mcq,rule_based_mcq,published item_type fallback made explicit,none; proposal materializes the route already selected by prompt metadata or item-type fallback,high
apcalcab-mcq-np2-010,967524ab-f078-4656-8991-ff70d884486c,6a085ceb-28e4-4e9c-b330-1e64675c3e60,ap-calculus-ab,mcq,,,,,mcq,rule_based_mcq,published item_type fallback made explicit,none; proposal materializes the route already selected by prompt metadata or item-type fallback,high
apcalcbc-mcq-np1-001,47e0851b-31cd-4189-a93b-1a1aace90210,16930cd8-ce83-4f27-88d1-eeb527396eda,ap-calculus-bc,mcq,,,,,mcq,rule_based_mcq,published item_type fallback made explicit,none; proposal materializes the route already selected by prompt metadata or item-type fallback,high
apcalcbc-mcq-np1-002,1b605cc6-50d3-4106-a036-b9ab4c98fd27,3381c823-3c09-4761-a92a-ab366f68fc57,ap-calculus-bc,mcq,,,,,mcq,rule_based_mcq,published item_type fallback made explicit,none; proposal materializes the route already selected by prompt metadata or item-type fallback,high
apcalcbc-mcq-np1-003,8c81e623-d523-4fde-b22b-4d96a2f9cfaa,5c574d4a-8667-4923-bcd3-b78d93c1153b,ap-calculus-bc,mcq,,,,,mcq,rule_based_mcq,published item_type fallback made explicit,none; proposal materializes the route already selected by prompt metadata or item-type fallback,high
apcalcbc-mcq-np1-004,9d024a80-a99d-47ea-9058-88ceab328cb3,bc0a0aa8-25f5-4aa9-89a4-71b8e8ff82bc,ap-calculus-bc,mcq,,,,,mcq,rule_based_mcq,published item_type fallback made explicit,none; proposal materializes the route already selected by prompt metadata or item-type fallback,high
apcalcbc-mcq-np1-005,bb6dc159-7252-42ed-a7da-7acfbb90f8b2,fcb0ad00-a203-4e3b-b009-9038634655e1,ap-calculus-bc,mcq,,,,,mcq,rule_based_mcq,published item_type fallback made explicit,none; proposal materializes the route already selected by prompt metadata or item-type fallback,high
apcalcbc-mcq-np1-006,db8a777e-87d3-4449-ae13-79c8cee2bb28,98dc1c7e-aaf3-451c-80bc-75d10b956334,ap-calculus-bc,mcq,,,,,mcq,rule_based_mcq,published item_type fallback made explicit,none; proposal materializes the route already selected by prompt metadata or item-type fallback,high
apcalcbc-mcq-np1-007,9d609bcc-b967-4269-ad13-9370ba52e218,ade897f4-da4e-44dd-80f7-e6d8b8cad417,ap-calculus-bc,mcq,,,,,mcq,rule_based_mcq,published item_type fallback made explicit,none; proposal materializes the route already selected by prompt metadata or item-type fallback,high
apcalcbc-mcq-np1-008,61700a4a-23a8-4d19-8a9d-881857b5db8e,603d310d-6209-4ac2-a704-9b9c9c10b950,ap-calculus-bc,mcq,,,,,mcq,rule_based_mcq,published item_type fallback made explicit,none; proposal materializes the route already selected by prompt metadata or item-type fallback,high
apcalcbc-mcq-np1-009,38c52d09-b019-4620-a510-c5704a20cf20,3af5af1d-38b3-440d-a2a6-d1e6adfbe422,ap-calculus-bc,mcq,,,,,mcq,rule_based_mcq,published item_type fallback made explicit,none; proposal materializes the route already selected by prompt metadata or item-type fallback,high
apcalcbc-mcq-np1-010,a3974ad1-89b8-43cf-866d-0ee3d69bcb30,702a0a6b-e5e1-4ec8-9d16-ae9097ef7660,ap-calculus-bc,mcq,,,,,mcq,rule_based_mcq,published item_type fallback made explicit,none; proposal materializes the route already selected by prompt metadata or item-type fallback,high
apphy1-frq-030,eb194ee3-4770-4074-9fe6-62bc26381a73,eb3cd946-0364-4170-83da-690d6597b2d7,ap-physics-1,frq,,,,,discrete_text,llm_discrete_text,published item_type fallback made explicit,none; proposal materializes the route already selected by prompt metadata or item-type fallback,high
apphy1-frq-np2-007,9f6cd48a-7052-4eb9-817e-fd3e40d90d8f,01e51098-a810-4cdf-9be9-e6e98c7be0ea,ap-physics-1,frq,,,,,discrete_text,llm_discrete_text,published item_type fallback made explicit,none; proposal materializes the route already selected by prompt metadata or item-type fallback,high
apphy1-mcq-001,488b8d80-7894-49cd-ad47-2884eed20068,2c820084-2551-4764-853d-a0dc9f11e0c9,ap-physics-1,mcq,,,,,mcq,rule_based_mcq,published item_type fallback made explicit,none; proposal materializes the route already selected by prompt metadata or item-type fallback,high
apphy1-mcq-021,b483c532-cc0a-4aab-86f8-319fc237191c,ecaad82f-c923-4a65-8c54-cd6e99da73b2,ap-physics-1,mcq,,,,,mcq,rule_based_mcq,published item_type fallback made explicit,none; proposal materializes the route already selected by prompt metadata or item-type fallback,high
apphy1-mcq-022,8bf1125a-f389-4f80-8b86-f245822aa17f,bdb3517e-2fad-4517-90d1-6763df42f6e8,ap-physics-1,mcq,,,,,mcq,rule_based_mcq,published item_type fallback made explicit,none; proposal materializes the route already selected by prompt metadata or item-type fallback,high
apphy1-mcq-023,117cef03-9fd9-4253-8294-8f52fc2e2092,eff69e7c-46eb-46dd-8b58-5a8714e43c94,ap-physics-1,mcq,,,,,mcq,rule_based_mcq,published item_type fallback made explicit,none; proposal materializes the route already selected by prompt metadata or item-type fallback,high
apphy1-mcq-024,82a8d13b-0a69-4351-b567-f1f94c310b60,6c427f6c-b401-4043-a470-458dcc416a86,ap-physics-1,mcq,,,,,mcq,rule_based_mcq,published item_type fallback made explicit,none; proposal materializes the route already selected by prompt metadata or item-type fallback,high
apphy1-mcq-025,8a6ff00b-bb9a-48f7-9775-5741413ddfc9,45181081-39da-484b-b13b-863eb5f997ff,ap-physics-1,mcq,,,,,mcq,rule_based_mcq,published item_type fallback made explicit,none; proposal materializes the route already selected by prompt metadata or item-type fallback,high
apphy1-mcq-026,e5e1c393-022a-49f2-9a41-1c2938d6ea3e,8d17d888-657c-4454-b31d-8e206af7c9cc,ap-physics-1,mcq,,,,,mcq,rule_based_mcq,published item_type fallback made explicit,none; proposal materializes the route already selected by prompt metadata or item-type fallback,high
apphy1-mcq-042,d01abc36-1ce3-43c2-935e-ab69fcb66963,9bb41125-91f3-4ff8-9966-1752ed3e1263,ap-physics-1,mcq,,,,,mcq,rule_based_mcq,published item_type fallback made explicit,none; proposal materializes the route already selected by prompt metadata or item-type fallback,high
apphy1-mcq-050,6fc86a42-f3b3-4d8d-aca7-39b7fd1b2d9b,d6ce72be-9e61-4c93-a3db-49e39f0f2a77,ap-physics-1,mcq,,,,,mcq,rule_based_mcq,published item_type fallback made explicit,none; proposal materializes the route already selected by prompt metadata or item-type fallback,high
apphy1-mcq-np1-001,ee2a4787-696a-4864-85e2-75af487992a4,62a90a11-984f-4725-8e80-5a0339369492,ap-physics-1,mcq,,,,,mcq,rule_based_mcq,published item_type fallback made explicit,none; proposal materializes the route already selected by prompt metadata or item-type fallback,high
apphy1-mcq-np1-002,45055dbf-8a4b-486b-88e2-eb95b9b4103e,fa5569b5-9295-42d1-9bdb-04da5e5d2443,ap-physics-1,mcq,,,,,mcq,rule_based_mcq,published item_type fallback made explicit,none; proposal materializes the route already selected by prompt metadata or item-type fallback,high
apphy1-mcq-np1-003,e3d7bced-7bb7-463b-b25c-61eb1db8053e,9378703b-8170-47ba-a4a4-e5c913d142b4,ap-physics-1,mcq,,,,,mcq,rule_based_mcq,published item_type fallback made explicit,none; proposal materializes the route already selected by prompt metadata or item-type fallback,high
apphy1-mcq-np1-004,fd051afc-63aa-4e28-88e3-3471625c2f59,9bff5406-439b-4103-893a-bd902f813a11,ap-physics-1,mcq,,,,,mcq,rule_based_mcq,published item_type fallback made explicit,none; proposal materializes the route already selected by prompt metadata or item-type fallback,high
apphy1-mcq-np1-005,2420fe44-c320-4c41-9a13-ec28c49185cd,a42325f5-1cd3-41ca-ab6c-5182fc45c13d,ap-physics-1,mcq,,,,,mcq,rule_based_mcq,published item_type fallback made explicit,none; proposal materializes the route already selected by prompt metadata or item-type fallback,high
apphy1-mcq-np1-006,03d67ed7-287d-4eb6-82f3-fe4da20dd148,ba6460cb-0609-49ae-9587-60e6575eb2ef,ap-physics-1,mcq,,,,,mcq,rule_based_mcq,published item_type fallback made explicit,none; proposal materializes the route already selected by prompt metadata or item-type fallback,high
apphy1-mcq-np1-007,804b5d2e-013c-4443-8f92-1209b2b2e615,e49f394b-fd51-4b50-83a3-867d99c23ce8,ap-physics-1,mcq,,,,,mcq,rule_based_mcq,published item_type fallback made explicit,none; proposal materializes the route already selected by prompt metadata or item-type fallback,high
apphy1-mcq-np1-008,4e8ae758-ddbf-416a-925c-c1a164b965bc,fa8abc48-89e5-4d75-bf15-d0357b5ffd6c,ap-physics-1,mcq,,,,,mcq,rule_based_mcq,published item_type fallback made explicit,none; proposal materializes the route already selected by prompt metadata or item-type fallback,high
apphy1-mcq-np1-009,c2b0d16b-bab3-4d3c-85f2-c4bfe0d062ee,429d4ece-1723-4dad-8db4-c548d1f8abb1,ap-physics-1,mcq,,,,,mcq,rule_based_mcq,published item_type fallback made explicit,none; proposal materializes the route already selected by prompt metadata or item-type fallback,high
apphy1-mcq-np1-010,8e7d20f4-6f16-4495-bc03-e53a49af40bb,538f8e41-d20e-422a-b7a8-13495665c5d9,ap-physics-1,mcq,,,,,mcq,rule_based_mcq,published item_type fallback made explicit,none; proposal materializes the route already selected by prompt metadata or item-type fallback,high
apphy1-mcq-np2-001,89325e85-d408-4f45-abee-b9a83a0e7521,6d2349fc-2359-4a96-87e5-0dc91c0a4e24,ap-physics-1,mcq,,,,,mcq,rule_based_mcq,published item_type fallback made explicit,none; proposal materializes the route already selected by prompt metadata or item-type fallback,high
apphy1-mcq-np2-003,0d58495b-ba5b-4f58-8be4-f8555fa9b652,338affec-7980-49d3-aceb-d126147ef8cb,ap-physics-1,mcq,,,,,mcq,rule_based_mcq,published item_type fallback made explicit,none; proposal materializes the route already selected by prompt metadata or item-type fallback,high
apphy1-mcq-np2-004,754d9319-706f-4c34-b027-cff3742666a4,a4e40fd5-7483-4ea6-8ca6-0c454f4e2b26,ap-physics-1,mcq,,,,,mcq,rule_based_mcq,published item_type fallback made explicit,none; proposal materializes the route already selected by prompt metadata or item-type fallback,high
apphy1-mcq-np2-008,79393022-5cc0-4eb0-a0e4-ff408a106639,44fc574f-2372-4822-a6f4-2b79ac2aee42,ap-physics-1,mcq,,,,,mcq,rule_based_mcq,published item_type fallback made explicit,none; proposal materializes the route already selected by prompt metadata or item-type fallback,high
apphy1-mcq-np2-009,f2ec6671-581e-4a49-a2fe-c1fd4169d414,432c7f01-499e-4399-a313-34c5dbe730f8,ap-physics-1,mcq,,,,,mcq,rule_based_mcq,published item_type fallback made explicit,none; proposal materializes the route already selected by prompt metadata or item-type fallback,high
apphy2-frq-025,01d13bb1-940a-4b3d-a57e-8a5e17682574,096f1fa1-0735-4caa-81ce-3051d81549e6,ap-physics-2,frq,,,,,discrete_text,llm_discrete_text,published item_type fallback made explicit,none; proposal materializes the route already selected by prompt metadata or item-type fallback,high
apphy2-mcq-017,c0d999a1-9393-4f03-ab6f-359b13c63671,0975e43b-f228-403c-8b10-3bb449942a51,ap-physics-2,mcq,,,,,mcq,rule_based_mcq,published item_type fallback made explicit,none; proposal materializes the route already selected by prompt metadata or item-type fallback,high
apphy2-mcq-020,295f27ef-806c-404b-827d-fda2cc0eb474,eeae7b54-8e4a-4a14-bb34-d2c46a628fc0,ap-physics-2,mcq,,,,,mcq,rule_based_mcq,published item_type fallback made explicit,none; proposal materializes the route already selected by prompt metadata or item-type fallback,high
apphy2-mcq-024,771d98b7-e06a-470e-966b-5b1920d6eea4,aef222f0-de71-41ad-8e4a-67aff59afe92,ap-physics-2,mcq,,,,,mcq,rule_based_mcq,published item_type fallback made explicit,none; proposal materializes the route already selected by prompt metadata or item-type fallback,high
apphy2-mcq-026,3574bc1f-4a7e-4a75-89ef-0558567a3db0,7531ab19-6d04-4235-8f80-e9468fa5f048,ap-physics-2,mcq,,,,,mcq,rule_based_mcq,published item_type fallback made explicit,none; proposal materializes the route already selected by prompt metadata or item-type fallback,high
apphycem-mcq-007,0e3b84c1-0c3a-4dfc-ba02-678c45f2d5f0,683d2a99-cc8b-455a-8c57-6a0414f3341c,ap-physics-c-em,mcq,,,,,mcq,rule_based_mcq,published item_type fallback made explicit,none; proposal materializes the route already selected by prompt metadata or item-type fallback,high
apphycem-mcq-009,47dafcfd-9894-463a-8f7e-54ad04ef28f4,c2521186-1279-4703-9b51-6a583a3fd95f,ap-physics-c-em,mcq,,,,,mcq,rule_based_mcq,published item_type fallback made explicit,none; proposal materializes the route already selected by prompt metadata or item-type fallback,high
apphycem-mcq-010,8f7e09a7-512d-4836-98a9-962fa28b5aae,3d8748d0-fdb6-47fa-bf9a-378ac440435c,ap-physics-c-em,mcq,,,,,mcq,rule_based_mcq,published item_type fallback made explicit,none; proposal materializes the route already selected by prompt metadata or item-type fallback,high
apphycem-mcq-011,fb2a3ec9-6e30-4d2b-84e2-bfe06591e711,ca322b9b-4d53-4c08-bda8-81028cb9bb4f,ap-physics-c-em,mcq,,,,,mcq,rule_based_mcq,published item_type fallback made explicit,none; proposal materializes the route already selected by prompt metadata or item-type fallback,high
apphycem-mcq-013,e29897be-8d72-466a-aeca-3575543dca53,afe405bd-b6f6-4591-84e9-39b28c97962e,ap-physics-c-em,mcq,,,,,mcq,rule_based_mcq,published item_type fallback made explicit,none; proposal materializes the route already selected by prompt metadata or item-type fallback,high
apphycem-mcq-014,967ad7e8-c6bf-4e7a-bbfa-e8c90210f8eb,af65207c-0029-4d96-811a-492016f25afb,ap-physics-c-em,mcq,,,,,mcq,rule_based_mcq,published item_type fallback made explicit,none; proposal materializes the route already selected by prompt metadata or item-type fallback,high
apphycem-mcq-015,e0153339-9fe1-448b-9d7b-14da82a962a0,cb00852c-7a3d-409a-9ef3-4d8716c7edbf,ap-physics-c-em,mcq,,,,,mcq,rule_based_mcq,published item_type fallback made explicit,none; proposal materializes the route already selected by prompt metadata or item-type fallback,high
apphycem-mcq-017,1becc2dd-b46e-4ff5-8ca7-56059293155f,ce80e748-3c79-42d0-aead-c1aec5bdd52a,ap-physics-c-em,mcq,,,,,mcq,rule_based_mcq,published item_type fallback made explicit,none; proposal materializes the route already selected by prompt metadata or item-type fallback,high
apphycem-mcq-019,438860ca-3825-4838-868c-ad8b28ed812a,f89306e6-08bc-4e0a-a074-7128d3f356e2,ap-physics-c-em,mcq,,,,,mcq,rule_based_mcq,published item_type fallback made explicit,none; proposal materializes the route already selected by prompt metadata or item-type fallback,high
apphycem-mcq-020,1166b9eb-c247-4dd8-8eff-524addf6892f,9f841d49-4f7e-434f-8497-2f7e17361062,ap-physics-c-em,mcq,,,,,mcq,rule_based_mcq,published item_type fallback made explicit,none; proposal materializes the route already selected by prompt metadata or item-type fallback,high
apphycem-mcq-np1-001,b274bffc-a2cd-40e7-b8fa-117f0a406de0,1d1dda5d-5f15-42fa-a61d-e1f26cccbf6f,ap-physics-c-em,mcq,,,,,mcq,rule_based_mcq,published item_type fallback made explicit,none; proposal materializes the route already selected by prompt metadata or item-type fallback,high
apphycem-mcq-np1-002,ea5b2011-36f4-4b57-8703-8030868c4e65,33cd1b57-477a-4ed5-988f-c6b4101c14f9,ap-physics-c-em,mcq,,,,,mcq,rule_based_mcq,published item_type fallback made explicit,none; proposal materializes the route already selected by prompt metadata or item-type fallback,high
apphycem-mcq-np1-003,2e447d18-3dd7-4c78-9c94-c8d1f6e8175a,bf72f8ae-d7ba-4fa1-9396-e1d2516172fa,ap-physics-c-em,mcq,,,,,mcq,rule_based_mcq,published item_type fallback made explicit,none; proposal materializes the route already selected by prompt metadata or item-type fallback,high
apphycem-mcq-np1-004,bcc12efb-7c37-4625-945d-9452d42d6d4d,d9aa6cdf-6e08-4c3b-a8d7-76094bc2f2fa,ap-physics-c-em,mcq,,,,,mcq,rule_based_mcq,published item_type fallback made explicit,none; proposal materializes the route already selected by prompt metadata or item-type fallback,high
apphycem-mcq-np1-005,426b4c29-ca49-4090-9b43-0345e8c308ed,eb1f57bc-e5e9-4916-b7b0-65273df863cd,ap-physics-c-em,mcq,,,,,mcq,rule_based_mcq,published item_type fallback made explicit,none; proposal materializes the route already selected by prompt metadata or item-type fallback,high
apphycem-mcq-np1-006,3a83f707-c52f-4301-bbce-4bf041548138,b8f1500b-8378-4e9f-9eef-bd5228e719cb,ap-physics-c-em,mcq,,,,,mcq,rule_based_mcq,published item_type fallback made explicit,none; proposal materializes the route already selected by prompt metadata or item-type fallback,high
apphycem-mcq-np1-009,21800abf-c627-4f74-b05d-bce7c8f28f88,ae39bac6-a30c-43bb-b774-b97712687b21,ap-physics-c-em,mcq,,,,,mcq,rule_based_mcq,published item_type fallback made explicit,none; proposal materializes the route already selected by prompt metadata or item-type fallback,high
apphycem-mcq-np1-010,3d7aefd8-9099-4b09-abbc-dff9cb74e1c1,6d3b2e63-94b2-4e3f-8e3e-4b26f36a9574,ap-physics-c-em,mcq,,,,,mcq,rule_based_mcq,published item_type fallback made explicit,none; proposal materializes the route already selected by prompt metadata or item-type fallback,high
apphycm-mcq-001,49216c78-1683-42f6-80b6-b5c99d628ecd,db2e6c78-ef6f-46a1-a4fb-1dbbb906f2e6,ap-physics-c-mechanics,mcq,,,,,mcq,rule_based_mcq,published item_type fallback made explicit,none; proposal materializes the route already selected by prompt metadata or item-type fallback,high
apphycm-mcq-009,544c69b0-f287-4cee-b78b-990ffecc9602,80dda346-3421-4f59-95fc-e7f973e1e15c,ap-physics-c-mechanics,mcq,,,,,mcq,rule_based_mcq,published item_type fallback made explicit,none; proposal materializes the route already selected by prompt metadata or item-type fallback,high
apphycm-mcq-013,bfd52bd4-b575-443e-b7c7-160a030a4e23,928a5a7e-6957-4b74-9802-281e9ce3e96c,ap-physics-c-mechanics,mcq,,,,,mcq,rule_based_mcq,published item_type fallback made explicit,none; proposal materializes the route already selected by prompt metadata or item-type fallback,high
apphycm-mcq-018,67f8e9d0-4063-43c2-9607-4b1a9bed54ac,9604811c-40a7-46b2-9340-80f09c38e5d0,ap-physics-c-mechanics,mcq,,,,,mcq,rule_based_mcq,published item_type fallback made explicit,none; proposal materializes the route already selected by prompt metadata or item-type fallback,high
apphycm-mcq-019,67f466af-2862-459b-af0a-727efef8ca6a,b7f33d69-7a41-42ba-9455-eb46472604f3,ap-physics-c-mechanics,mcq,,,,,mcq,rule_based_mcq,published item_type fallback made explicit,none; proposal materializes the route already selected by prompt metadata or item-type fallback,high
apprecalc-frq-006,820b8fa2-9700-4b23-93b4-76d45bdb8304,c6bbebda-10aa-4ab9-a8fa-e38ccd8e3291,ap-precalculus,frq,,,,,discrete_text,llm_discrete_text,published item_type fallback made explicit,none; proposal materializes the route already selected by prompt metadata or item-type fallback,high
apprecalc-frq-007,ebcc3300-7c1c-4a92-9410-db134babd4a2,d06a4fe4-42e1-4937-bfd5-25e119b9c5c7,ap-precalculus,frq,,,,,discrete_text,llm_discrete_text,published item_type fallback made explicit,none; proposal materializes the route already selected by prompt metadata or item-type fallback,high
apprecalc-frq-029,bb739ed7-a167-4441-b08d-872965024cb7,eecf9c87-6c15-43c8-a74e-c2e83f96e090,ap-precalculus,frq,,,,,discrete_text,llm_discrete_text,published item_type fallback made explicit,none; proposal materializes the route already selected by prompt metadata or item-type fallback,high
apprecalc-mcq-np2-001,67085d22-4721-421f-8ef9-a9a821cdd5a4,0e63cb2f-469a-42b8-9453-f32757469032,ap-precalculus,mcq,,,,,mcq,rule_based_mcq,published item_type fallback made explicit,none; proposal materializes the route already selected by prompt metadata or item-type fallback,high
apprecalc-mcq-np2-002,b9089dc1-81d4-4d61-8f28-d34e83a65883,c91cdcd5-d637-4097-a243-2fba8b90e44f,ap-precalculus,mcq,,,,,mcq,rule_based_mcq,published item_type fallback made explicit,none; proposal materializes the route already selected by prompt metadata or item-type fallback,high
apprecalc-mcq-np2-003,56671e87-a007-49ca-ab76-151034ed6323,5acac8c1-e7f5-49fa-bedf-24606865b482,ap-precalculus,mcq,,,,,mcq,rule_based_mcq,published item_type fallback made explicit,none; proposal materializes the route already selected by prompt metadata or item-type fallback,high
apprecalc-mcq-np2-004,0e1a8031-ea28-4fd8-961d-989d60032e14,57cb390f-fb41-4cac-a9b9-d107a2ab036c,ap-precalculus,mcq,,,,,mcq,rule_based_mcq,published item_type fallback made explicit,none; proposal materializes the route already selected by prompt metadata or item-type fallback,high
apprecalc-mcq-np2-005,59d9423e-8f5d-4b37-a40b-6f808f146d44,7389bf58-62b8-4422-937e-d4e116deaad1,ap-precalculus,mcq,,,,,mcq,rule_based_mcq,published item_type fallback made explicit,none; proposal materializes the route already selected by prompt metadata or item-type fallback,high
apprecalc-mcq-np2-006,a6c89a69-ac6f-4bbd-add6-53f44497aca0,bf0f9fe9-dcda-4d50-b107-91bdbc8fd5d6,ap-precalculus,mcq,,,,,mcq,rule_based_mcq,published item_type fallback made explicit,none; proposal materializes the route already selected by prompt metadata or item-type fallback,high
apprecalc-mcq-np2-007,4db7188f-22e2-407d-be53-34d253567ddc,be98eb10-854e-49cf-ada2-e0116d588fcd,ap-precalculus,mcq,,,,,mcq,rule_based_mcq,published item_type fallback made explicit,none; proposal materializes the route already selected by prompt metadata or item-type fallback,high
apprecalc-mcq-np2-008,6994728b-07a0-4777-877a-23208b1ed6dc,db3cb1f5-1c4b-496f-abe0-7dde42280b63,ap-precalculus,mcq,,,,,mcq,rule_based_mcq,published item_type fallback made explicit,none; proposal materializes the route already selected by prompt metadata or item-type fallback,high
apprecalc-mcq-np2-009,a11c434f-1e57-437d-ae8e-58930a150f71,267aad46-069c-42bb-8fa0-f1c15d728606,ap-precalculus,mcq,,,,,mcq,rule_based_mcq,published item_type fallback made explicit,none; proposal materializes the route already selected by prompt metadata or item-type fallback,high
apprecalc-mcq-np2-010,5c601bc9-0b12-442e-95d5-5d4405a405b7,397f0d26-3d34-4816-9d33-883636ce1c80,ap-precalculus,mcq,,,,,mcq,rule_based_mcq,published item_type fallback made explicit,none; proposal materializes the route already selected by prompt metadata or item-type fallback,high
