topic_explainer_id,subject_key,unit_number,topic_code,source_note_before
216750cc-c51c-4f7e-9396-2fb724468b1a,ap_biology,1,1.1,cramapple-authored
dfe47a16-94ba-4796-9de7-86562811b73e,ap_biology,1,1.2,cramapple-authored
a7baaabf-c6ee-43ba-961a-301a9c08618a,ap_biology,1,1.3,cramapple-authored
f31b4dbd-bfb6-47f7-9c93-ea8f569ae5b6,ap_biology,1,1.4,cramapple-authored
a61a7989-9768-4109-b388-64126d0e95d1,ap_biology,1,1.5,cramapple-authored
00a90211-ff61-4d8d-a80d-0af2b4a37b0e,ap_biology,1,1.6,cramapple-authored
dc7f3cc6-6c28-46ab-a184-1d13a9c3eab7,ap_biology,1,1.7,cramapple-authored
39f786af-6916-4360-b50f-92eed582de29,ap_biology,2,2.1,cramapple-authored
0dbd3375-e2a2-46aa-948f-12495dd9eb29,ap_biology,2,2.10,cramapple-authored
a001b936-9e59-4232-a070-046fd9587629,ap_biology,2,2.2,cramapple-authored
79338d7e-e6cd-40c0-8b3f-831999e70b6c,ap_biology,2,2.3,cramapple-authored
1b49b7bc-31c4-4911-9280-e32e35d69061,ap_biology,2,2.4,cramapple-authored
74f925c2-623d-443d-bab5-b688b338b825,ap_biology,2,2.5,cramapple-authored
26b8c5f8-65ac-4da6-847e-865249b52bf0,ap_biology,2,2.6,cramapple-authored
76042ce8-9bea-4afd-98b5-4b57fe734f3f,ap_biology,2,2.7,cramapple-authored
56b6ee64-945c-4fda-978e-05dd257759e3,ap_biology,2,2.8,cramapple-authored
b2c2ca55-e687-4d16-a457-adb9030f0ea6,ap_biology,2,2.9,cramapple-authored
348be19c-b76b-4f77-ab91-90709ec85d08,ap_biology,3,3.1,cramapple-authored
a3e8b288-d4d4-4a11-8b97-685a60256ae9,ap_biology,3,3.2,cramapple-authored
9b907406-25ec-4ee0-964c-0f890be99d90,ap_biology,3,3.3,cramapple-authored
d9c83c77-894a-446c-9952-b8a1aea241ad,ap_biology,3,3.4,cramapple-authored
552e3757-1212-4fde-9f0c-6da417aaa3fc,ap_biology,3,3.5,cramapple-authored
259f26e7-976b-477b-a736-5b5f6908f25b,ap_biology,4,4.1,cramapple-authored
854de241-6332-46e9-8184-3af11ee5ef9e,ap_biology,4,4.2,cramapple-authored
d6c304da-5f92-4349-8eee-5975f02604ac,ap_biology,4,4.3,cramapple-authored
d4e6e649-4ae6-4a7a-a340-913e15a71d1d,ap_biology,4,4.4,cramapple-authored
f68ac071-22e5-4fd6-a55b-daa42d37bd30,ap_biology,4,4.5,cramapple-authored
80c6781e-4fd5-4d7b-82f9-584383f7539a,ap_biology,4,4.6,cramapple-authored
5fec52c8-270c-44b1-92c5-ae9fc352998b,ap_biology,5,5.1,cramapple-authored
a3eb0b5b-65b5-4705-bef1-53cdd694ff90,ap_biology,5,5.2,cramapple-authored
ba20e907-80a7-4c11-8ee9-7765b5bc4cb9,ap_biology,5,5.3,cramapple-authored
daf1014b-2ccc-4430-ade3-a3d515368521,ap_biology,5,5.4,cramapple-authored
597b7256-a9db-4b05-b9c3-f28b7556c90c,ap_biology,5,5.5,cramapple-authored
25285872-d459-4e94-a2f6-1294a7e171cc,ap_biology,6,6.1,cramapple-authored
0f1f9f9f-b514-4a95-977a-27a69bbd7762,ap_biology,6,6.2,cramapple-authored
d4a42755-fecc-4b59-aa96-83ad408c3480,ap_biology,6,6.3,cramapple-authored
cd886fda-4077-47ee-b980-20a84f2b0650,ap_biology,6,6.4,cramapple-authored
8b6836ee-f9c8-40be-bec6-0f1ab182fb6f,ap_biology,6,6.5,cramapple-authored
6efa81b4-84bf-4c7a-9fc9-cc35c83ecdc8,ap_biology,6,6.6,cramapple-authored
84b4d711-649e-4da6-a63d-d32460643d9f,ap_biology,6,6.7,cramapple-authored
ab7b59f7-1cc5-4a14-ac59-033031d11dfc,ap_biology,6,6.8,cramapple-authored
186f4bde-f258-4f5c-ab1f-ebe587d67acb,ap_biology,7,7.1,cramapple-authored
07dd778f-c47e-4098-b2fe-18763c308f1e,ap_biology,7,7.10,cramapple-authored
946c0dbf-ed0d-46c1-8b3b-7feebf177444,ap_biology,7,7.11,cramapple-authored
e4893103-3a78-425b-bc27-a5598361e163,ap_biology,7,7.12,cramapple-authored
26fa2132-7ebe-4e17-bf27-6cf8a6653dd5,ap_biology,7,7.2,cramapple-authored
a698c4fe-8e57-4cd7-93a8-6e5750d593f3,ap_biology,7,7.3,cramapple-authored
240d9d81-aaab-45eb-b6b1-929d056fac97,ap_biology,7,7.4,cramapple-authored
fbcee37c-4929-46ff-89fc-99c90dd30dda,ap_biology,7,7.5,cramapple-authored
da2c9cb2-9415-4e3a-9218-675bea46578d,ap_biology,7,7.6,cramapple-authored
4b75a5b0-aeaa-4823-af2b-d41fbba799be,ap_biology,7,7.7,cramapple-authored
6c4417ee-6a58-4878-8cd8-9e505ce41c3d,ap_biology,7,7.8,cramapple-authored
e4d4024e-c446-4d92-8f7b-298b40d0ff69,ap_biology,7,7.9,cramapple-authored
d5a15534-5fb4-42f2-8470-4d03b5660f02,ap_biology,8,8.1,cramapple-authored
b6ba3b00-d351-4df9-8c6b-f2b0c490f233,ap_biology,8,8.2,cramapple-authored
0733da3b-178b-401d-9818-1c77b7bac340,ap_biology,8,8.3,cramapple-authored
75cf3f9f-c3dd-4cfb-b744-7e34d2e5685c,ap_biology,8,8.4,cramapple-authored
b120320f-ba81-4494-af3a-152c4802d8ec,ap_biology,8,8.5,cramapple-authored
8c2aa1ce-de09-4949-9827-29a2e6e4e468,ap_biology,8,8.6,cramapple-authored
fc72f267-d8d0-4cbc-a9c4-4cf02f6cac96,ap_biology,8,8.7,cramapple-authored
7b77826a-f8cc-41f2-afb4-a5d523f776db,ap_calculus_ab,2,2.1,cramapple-authored
21876a36-5bdc-47bd-9eb8-0489329a7bc8,ap_calculus_ab,2,2.10,cramapple-authored
a3106d6a-0be4-48a3-abe0-05c11bbcbc55,ap_calculus_ab,2,2.2,cramapple-authored
93a5d9c4-367b-4c5c-bf84-6a53db249e38,ap_calculus_ab,2,2.3,cramapple-authored
029e5263-e52a-4b00-8d70-d225e655526d,ap_calculus_ab,2,2.4,cramapple-authored
21daba38-72f4-4292-8a10-2fe075a09afd,ap_calculus_ab,2,2.5,cramapple-authored
7313b0ce-a720-4520-b3a5-8a5d5deef520,ap_calculus_ab,2,2.6,cramapple-authored
4608ea38-4ecf-4afa-a245-ad7771ad5c2a,ap_calculus_ab,2,2.7,cramapple-authored
46e94b04-2766-4d40-9edc-c0b4442489ec,ap_calculus_ab,2,2.8,cramapple-authored
2780a8f8-f446-434d-bc3c-896688707768,ap_calculus_ab,2,2.9,cramapple-authored
499da191-0b9c-4a7c-90a1-b1358049cf54,ap_calculus_ab,3,3.1,cramapple-authored
0b9fee1b-6865-4c70-b210-ecd9965c1c8a,ap_calculus_ab,3,3.2,cramapple-authored
ef71532e-e448-428e-aa45-c0762bfea31a,ap_calculus_ab,3,3.3,cramapple-authored
c0e678e5-1691-4385-9fcd-d4b6726ecb4b,ap_calculus_ab,3,3.4,cramapple-authored
705d1d7d-bc14-4718-8448-8672545803eb,ap_calculus_ab,3,3.5,cramapple-authored
7d8e21ca-987c-4607-87cb-d38a3baa31c1,ap_calculus_ab,3,3.6,cramapple-authored
92409fcc-fd9e-47d7-bad1-1d27fb049f45,ap_calculus_ab,4,4.1,cramapple-authored
6e30180d-246e-498f-b771-9b8d3f7e4d7b,ap_calculus_ab,4,4.2,cramapple-authored
a7ca21f8-d524-408b-bc1a-cffbe3248f17,ap_calculus_ab,4,4.3,cramapple-authored
871309d3-8438-4152-ab34-3dabb1995b9d,ap_calculus_ab,4,4.4,cramapple-authored
d00f1d99-8d2a-4e8e-89cf-1d3753371a62,ap_calculus_ab,4,4.5,cramapple-authored
9f0748a9-3750-4621-a462-b26ae7371d33,ap_calculus_ab,4,4.6,cramapple-authored
08ff3a33-2727-49a5-828b-29012872eabf,ap_calculus_ab,4,4.7,cramapple-authored
b88c9ef6-fcce-4df3-a99e-e775fe87b763,ap_calculus_ab,5,5.1,cramapple-authored
6929713b-c767-4df4-b14e-c0d949f96b81,ap_calculus_ab,5,5.10,cramapple-authored
8424e649-5adf-4358-bd55-831a007d5a55,ap_calculus_ab,5,5.11,cramapple-authored
c1400a2a-6b77-461a-8442-99eb365a1dcf,ap_calculus_ab,5,5.12,cramapple-authored
5c0d6de6-d861-4780-88ab-8014dcb37a34,ap_calculus_ab,5,5.2,cramapple-authored
69adda4c-b8f0-45b2-8d9e-d531de8036e7,ap_calculus_ab,5,5.3,cramapple-authored
b233cd60-6372-4120-bdf8-1e594b7241a6,ap_calculus_ab,5,5.4,cramapple-authored
f0cbe9ee-51dd-4527-a965-9480e163a4d9,ap_calculus_ab,5,5.5,cramapple-authored
0afef520-2ac1-4232-aa59-d33437185d5a,ap_calculus_ab,5,5.6,cramapple-authored
8ca5b28b-6a62-44f5-9b2d-d8e8133ff46f,ap_calculus_ab,5,5.7,cramapple-authored
da91a12b-5123-417c-a5bd-b0600cd262df,ap_calculus_ab,5,5.8,cramapple-authored
2d26e67b-2b91-4236-aaee-7f39ecdd4194,ap_calculus_ab,5,5.9,cramapple-authored
e839d8f6-918c-40c2-bf97-9fa5d45180c1,ap_calculus_ab,6,6.1,cramapple-authored
62d4fa96-a8a0-46a6-a93d-a72978de7858,ap_calculus_ab,6,6.10,cramapple-authored
6e6694e3-fc4d-494e-8707-b70f980eee26,ap_calculus_ab,6,6.14,cramapple-authored
b1ed3aba-cd9d-4e0b-8591-4ff08795f983,ap_calculus_ab,6,6.2,cramapple-authored
554ab112-7f7e-4462-a89b-758657db6ffa,ap_calculus_ab,6,6.3,cramapple-authored
debec88d-4b65-469a-811d-5e744b3f24b1,ap_calculus_ab,6,6.4,cramapple-authored
079f57c7-a69e-40ee-ab15-dcabbf5d51f8,ap_calculus_ab,6,6.5,cramapple-authored
7a90a5a2-8ac3-4d3a-a4a8-1b5cd2dc7380,ap_calculus_ab,6,6.6,cramapple-authored
3095be8e-4aec-473f-bb16-a2564291256b,ap_calculus_ab,6,6.7,cramapple-authored
e4ae561c-c503-4579-bb14-dff09cb2fd64,ap_calculus_ab,6,6.8,cramapple-authored
513a330f-b17f-443b-84db-787aa8801067,ap_calculus_ab,6,6.9,cramapple-authored
77b371fd-b902-4907-8eae-f7c64fca1071,ap_calculus_ab,7,7.1,cramapple-authored
aa1e55d3-0972-46a0-930b-3ab9cc020073,ap_calculus_ab,7,7.2,cramapple-authored
c68db457-fc9a-4b38-9f41-5f6b5e33065b,ap_calculus_ab,7,7.3,cramapple-authored
7715c04d-ef15-4612-8b2e-6353205a00d9,ap_calculus_ab,7,7.4,cramapple-authored
8bd32497-0fe9-427b-bc02-a9c71df9d54c,ap_calculus_ab,7,7.6,cramapple-authored
ee09c170-c4a5-4955-b12b-8792c2931730,ap_calculus_ab,7,7.7,cramapple-authored
9762a547-0153-4633-8466-9bd7844c146c,ap_calculus_ab,7,7.8,cramapple-authored
662359e9-a4b1-4732-9144-5000199e6ecb,ap_calculus_ab,8,8.1,cramapple-authored
e0c62b05-e34e-4f0f-9147-5ee9e6793e47,ap_calculus_ab,8,8.10,cramapple-authored
fbf7bbc9-c74f-4c04-84e1-75ba46f31d2b,ap_calculus_ab,8,8.11,cramapple-authored
ca7987fc-a27a-434e-bf10-602c0bdc7a80,ap_calculus_ab,8,8.12,cramapple-authored
6be59c99-3ce0-4d14-9e2a-c5de60a0c9ce,ap_calculus_ab,8,8.2,cramapple-authored
29cd6324-495a-46ef-bf90-c6b1ffd39e5e,ap_calculus_ab,8,8.3,cramapple-authored
a0a47c53-86f6-4951-aa3c-dd70178943a8,ap_calculus_ab,8,8.4,cramapple-authored
f8c490ae-b64b-4953-b8af-06732fe43182,ap_calculus_ab,8,8.5,cramapple-authored
4238e485-2aad-4d26-845f-f777e7e39344,ap_calculus_ab,8,8.6,cramapple-authored
79e76486-734a-476e-8745-d219d505a35a,ap_calculus_ab,8,8.7,cramapple-authored
8af74eb2-5acf-4a1b-b300-85cf94fcfba2,ap_calculus_ab,8,8.8,cramapple-authored
ffbfa43f-2057-4cf8-acf4-692083e17e65,ap_calculus_ab,8,8.9,cramapple-authored
340d9583-7488-4221-9017-804f31492f9a,ap_calculus_bc,1,1.1,cramapple-authored
18f999d0-4817-4be8-a99a-4e719ebb2932,ap_calculus_bc,1,1.10,cramapple-authored
14ba4873-77c1-467f-a2f0-d8d23052cd12,ap_calculus_bc,1,1.11,cramapple-authored
67c61df8-3f3a-457a-843f-489a66dc45b9,ap_calculus_bc,1,1.12,cramapple-authored
0f1d9a3b-dad4-4c39-9c6a-b9acb8234300,ap_calculus_bc,1,1.13,cramapple-authored
45decc0f-252a-4a47-b96b-3a52d6362e52,ap_calculus_bc,1,1.14,cramapple-authored
c0eae7cc-8388-4151-9682-222c84ab178c,ap_calculus_bc,1,1.15,cramapple-authored
e262ec0c-960b-4038-bff4-9c8d551aa80b,ap_calculus_bc,1,1.16,cramapple-authored
e5a2d60c-dca8-457e-b165-593b7438edc9,ap_calculus_bc,1,1.2,cramapple-authored
eef13a9a-a12f-493d-bdb3-f3af95e387e3,ap_calculus_bc,1,1.3,cramapple-authored
8c2dff0f-113b-4cc4-ac5a-d69bddb64ef3,ap_calculus_bc,1,1.4,cramapple-authored
eca21a9d-bb41-4507-8375-745e9e5663a6,ap_calculus_bc,1,1.5,cramapple-authored
5c239af8-77b6-4c58-ae3f-ac79830265d4,ap_calculus_bc,1,1.6,cramapple-authored
2d5681a2-b6cd-4d10-b036-f472fbfa0a3b,ap_calculus_bc,1,1.7,cramapple-authored
e05f633e-c360-4666-b5aa-1fe64b602702,ap_calculus_bc,1,1.8,cramapple-authored
e2a5700d-afab-4a82-b084-a6609471bcab,ap_calculus_bc,1,1.9,cramapple-authored
271e83ea-5d2c-4b37-962c-d1eead01a73b,ap_calculus_bc,2,2.1,"cramapple-authored Duplicated from ap_calculus_ab 2026-08-21 (shared AB/BC topic); BC-owned copy, edit independently."
17babcc4-7858-4098-b82b-618ce28a357d,ap_calculus_bc,2,2.10,"cramapple-authored Duplicated from ap_calculus_ab 2026-08-21 (shared AB/BC topic); BC-owned copy, edit independently."
8b69071d-f0ed-4796-a08a-5ff1b3ceaed8,ap_calculus_bc,2,2.2,"cramapple-authored Duplicated from ap_calculus_ab 2026-08-21 (shared AB/BC topic); BC-owned copy, edit independently."
92df105a-25f3-4e18-8a31-2400a3e0c5d1,ap_calculus_bc,2,2.3,"cramapple-authored Duplicated from ap_calculus_ab 2026-08-21 (shared AB/BC topic); BC-owned copy, edit independently."
30fdb775-bb9a-4bbb-846a-2b8542d85a9c,ap_calculus_bc,2,2.4,"cramapple-authored Duplicated from ap_calculus_ab 2026-08-21 (shared AB/BC topic); BC-owned copy, edit independently."
008427f6-12c5-4aeb-bb77-4eb7fd5d943c,ap_calculus_bc,2,2.5,"cramapple-authored Duplicated from ap_calculus_ab 2026-08-21 (shared AB/BC topic); BC-owned copy, edit independently."
775c3227-3aaf-4bde-b1b7-cbf727e93fb9,ap_calculus_bc,2,2.6,"cramapple-authored Duplicated from ap_calculus_ab 2026-08-21 (shared AB/BC topic); BC-owned copy, edit independently."
0bb4bff1-a5dd-4592-94a5-35f9260feb16,ap_calculus_bc,2,2.7,"cramapple-authored Duplicated from ap_calculus_ab 2026-08-21 (shared AB/BC topic); BC-owned copy, edit independently."
24794230-bcb2-44b7-bdfd-b7cbc8b02e22,ap_calculus_bc,2,2.8,"cramapple-authored Duplicated from ap_calculus_ab 2026-08-21 (shared AB/BC topic); BC-owned copy, edit independently."
76143b66-a85d-449a-815a-11431c564c99,ap_calculus_bc,2,2.9,"cramapple-authored Duplicated from ap_calculus_ab 2026-08-21 (shared AB/BC topic); BC-owned copy, edit independently."
d879c115-8129-4d3c-9d31-bf8cc18d4e3b,ap_calculus_bc,3,3.1,cramapple-authored
f86cd7cb-6e96-423c-9f0b-9524895610b8,ap_calculus_bc,3,3.2,cramapple-authored
fc8e3266-fe57-408b-af65-7612dfbfe731,ap_calculus_bc,3,3.3,cramapple-authored
e983b12a-f65f-4f90-81af-aedaf2863de0,ap_calculus_bc,3,3.4,cramapple-authored
fefadf91-141c-4184-9c18-d0fb3a3844de,ap_calculus_bc,3,3.5,cramapple-authored
9d1d735b-7f87-43eb-947c-86ac93d367a9,ap_calculus_bc,3,3.6,cramapple-authored
c6492cd3-784d-48e9-92a1-b55534240c21,ap_calculus_bc,4,4.1,"cramapple-authored Duplicated from ap_calculus_ab 2026-08-21 (shared AB/BC topic); BC-owned copy, edit independently."
becb89f5-14d3-409b-80c1-ece842ba9086,ap_calculus_bc,4,4.2,"cramapple-authored Duplicated from ap_calculus_ab 2026-08-21 (shared AB/BC topic); BC-owned copy, edit independently."
0c46cade-938f-48af-b8a6-e416048a7ce7,ap_calculus_bc,4,4.3,"cramapple-authored Duplicated from ap_calculus_ab 2026-08-21 (shared AB/BC topic); BC-owned copy, edit independently."
78388862-43e3-4d0d-9f2e-00fae5869be2,ap_calculus_bc,4,4.4,"cramapple-authored Duplicated from ap_calculus_ab 2026-08-21 (shared AB/BC topic); BC-owned copy, edit independently."
df9f0df4-e416-4900-876b-c70e4c0f2c80,ap_calculus_bc,4,4.5,"cramapple-authored Duplicated from ap_calculus_ab 2026-08-21 (shared AB/BC topic); BC-owned copy, edit independently."
1cc69c2b-d8dc-431f-96a1-2ed5ea17bac1,ap_calculus_bc,4,4.6,"cramapple-authored Duplicated from ap_calculus_ab 2026-08-21 (shared AB/BC topic); BC-owned copy, edit independently."
daf3563c-7cf7-4323-9796-16b49fcf79fc,ap_calculus_bc,4,4.7,"cramapple-authored Duplicated from ap_calculus_ab 2026-08-21 (shared AB/BC topic); BC-owned copy, edit independently."
ff4bad46-ec25-4fc0-8eed-427ac60ce786,ap_calculus_bc,5,5.1,"cramapple-authored Duplicated from ap_calculus_ab 2026-08-21 (shared AB/BC topic); BC-owned copy, edit independently."
67fab70e-9d0d-4244-bab4-8deea3ddcc5f,ap_calculus_bc,5,5.10,"cramapple-authored Duplicated from ap_calculus_ab 2026-08-21 (shared AB/BC topic); BC-owned copy, edit independently."
d43048c1-3e66-429f-a4de-0e46b968172f,ap_calculus_bc,5,5.11,"cramapple-authored Duplicated from ap_calculus_ab 2026-08-21 (shared AB/BC topic); BC-owned copy, edit independently."
5d47c957-f646-4a0c-859e-8d5805f93bc7,ap_calculus_bc,5,5.12,"cramapple-authored Duplicated from ap_calculus_ab 2026-08-21 (shared AB/BC topic); BC-owned copy, edit independently."
1c48b19d-6f27-4232-9cd8-6e5af6d19523,ap_calculus_bc,5,5.2,"cramapple-authored Duplicated from ap_calculus_ab 2026-08-21 (shared AB/BC topic); BC-owned copy, edit independently."
629d1e0f-5b2c-4749-9007-3e4aea7c3024,ap_calculus_bc,5,5.3,"cramapple-authored Duplicated from ap_calculus_ab 2026-08-21 (shared AB/BC topic); BC-owned copy, edit independently."
30d7bbd8-a5b1-498a-89e5-321a0337f412,ap_calculus_bc,5,5.4,"cramapple-authored Duplicated from ap_calculus_ab 2026-08-21 (shared AB/BC topic); BC-owned copy, edit independently."
1eee1565-2a48-4c5e-9799-b1754de87d1a,ap_calculus_bc,5,5.5,"cramapple-authored Duplicated from ap_calculus_ab 2026-08-21 (shared AB/BC topic); BC-owned copy, edit independently."
20fe835e-4652-4f4c-a9ae-e24e2c929950,ap_calculus_bc,5,5.6,"cramapple-authored Duplicated from ap_calculus_ab 2026-08-21 (shared AB/BC topic); BC-owned copy, edit independently."
548920de-46ac-4611-b40d-834b2be8652d,ap_calculus_bc,5,5.7,"cramapple-authored Duplicated from ap_calculus_ab 2026-08-21 (shared AB/BC topic); BC-owned copy, edit independently."
21284031-f08b-4795-911e-b70678ba14b1,ap_calculus_bc,5,5.8,"cramapple-authored Duplicated from ap_calculus_ab 2026-08-21 (shared AB/BC topic); BC-owned copy, edit independently."
ca23a348-b650-4e31-8943-e86dfda1c365,ap_calculus_bc,5,5.9,"cramapple-authored Duplicated from ap_calculus_ab 2026-08-21 (shared AB/BC topic); BC-owned copy, edit independently."
b498004c-38bc-4086-b5c3-75f6b3d4580e,ap_calculus_bc,6,6.1,"cramapple-authored Duplicated from ap_calculus_ab 2026-08-21 (shared AB/BC topic); BC-owned copy, edit independently."
7ce0a157-226b-47a1-a4a7-9ab568d5dfa8,ap_calculus_bc,6,6.10,"cramapple-authored Duplicated from ap_calculus_ab 2026-08-21 (shared AB/BC topic); BC-owned copy, edit independently."
42cecde3-a905-4104-8960-ebe6721089ae,ap_calculus_bc,6,6.11,cramapple-authored Moved from ap_calculus_ab 2026-08-21: the CED marks this topic BC ONLY.
6c9bf2f5-770e-4487-855a-dc56033421e2,ap_calculus_bc,6,6.14,"cramapple-authored Duplicated from ap_calculus_ab 2026-08-21 (shared AB/BC topic); BC-owned copy, edit independently."
e39dbd39-8ed5-4d7c-b040-da8c9877b98a,ap_calculus_bc,6,6.2,"cramapple-authored Duplicated from ap_calculus_ab 2026-08-21 (shared AB/BC topic); BC-owned copy, edit independently."
e41ee915-2602-4e8c-a630-cf3c707c8ecf,ap_calculus_bc,6,6.3,"cramapple-authored Duplicated from ap_calculus_ab 2026-08-21 (shared AB/BC topic); BC-owned copy, edit independently."
234e7561-327c-48da-9087-e9ef377b4d09,ap_calculus_bc,6,6.4,"cramapple-authored Duplicated from ap_calculus_ab 2026-08-21 (shared AB/BC topic); BC-owned copy, edit independently."
69abb23e-2a98-4d82-ba91-9f67aca613d2,ap_calculus_bc,6,6.5,"cramapple-authored Duplicated from ap_calculus_ab 2026-08-21 (shared AB/BC topic); BC-owned copy, edit independently."
36603a2a-2578-4cb9-a426-ed68bf1aa233,ap_calculus_bc,6,6.6,"cramapple-authored Duplicated from ap_calculus_ab 2026-08-21 (shared AB/BC topic); BC-owned copy, edit independently."
e1e2d959-52bb-4488-b248-fc40a153932a,ap_calculus_bc,6,6.7,"cramapple-authored Duplicated from ap_calculus_ab 2026-08-21 (shared AB/BC topic); BC-owned copy, edit independently."
f943f43b-e97b-4cfe-978a-248bd12f7863,ap_calculus_bc,6,6.8,"cramapple-authored Duplicated from ap_calculus_ab 2026-08-21 (shared AB/BC topic); BC-owned copy, edit independently."
845a1f15-f509-4f8a-8c42-3e252a3c57bc,ap_calculus_bc,6,6.9,"cramapple-authored Duplicated from ap_calculus_ab 2026-08-21 (shared AB/BC topic); BC-owned copy, edit independently."
9ecc9f40-d4ae-42d3-9023-75cc3bb01737,ap_calculus_bc,7,7.1,"cramapple-authored Duplicated from ap_calculus_ab 2026-08-21 (shared AB/BC topic); BC-owned copy, edit independently."
7c7379e1-5cfc-462e-8569-faaa817f6682,ap_calculus_bc,7,7.2,"cramapple-authored Duplicated from ap_calculus_ab 2026-08-21 (shared AB/BC topic); BC-owned copy, edit independently."
90c4e86f-639c-49c7-aee8-990ed5ec78c7,ap_calculus_bc,7,7.3,"cramapple-authored Duplicated from ap_calculus_ab 2026-08-21 (shared AB/BC topic); BC-owned copy, edit independently."
16953a5c-d676-4fa9-9788-bb2480ba39fb,ap_calculus_bc,7,7.4,"cramapple-authored Duplicated from ap_calculus_ab 2026-08-21 (shared AB/BC topic); BC-owned copy, edit independently."
a38132a9-d493-40df-8a05-d03929dc4296,ap_calculus_bc,7,7.5,cramapple-authored Moved from ap_calculus_ab 2026-08-21: the CED marks this topic BC ONLY.
8f1020a3-46d4-48d1-b63a-3cd14e4e4c41,ap_calculus_bc,7,7.6,"cramapple-authored Duplicated from ap_calculus_ab 2026-08-21 (shared AB/BC topic); BC-owned copy, edit independently."
a7d36035-cfbb-481c-b6ed-7673b6e4a7e6,ap_calculus_bc,7,7.7,"cramapple-authored Duplicated from ap_calculus_ab 2026-08-21 (shared AB/BC topic); BC-owned copy, edit independently."
c1db0427-bd30-4e09-9bac-9cc2186a7ef2,ap_calculus_bc,7,7.8,"cramapple-authored Duplicated from ap_calculus_ab 2026-08-21 (shared AB/BC topic); BC-owned copy, edit independently."
aa8b2cb3-6847-4349-a9c4-388d2fa1bd92,ap_calculus_bc,7,7.9,cramapple-authored Moved from ap_calculus_ab 2026-08-21: the CED marks this topic BC ONLY.
2772f001-84f9-4b87-8028-682902c740f2,ap_calculus_bc,8,8.1,"cramapple-authored Duplicated from ap_calculus_ab 2026-08-21 (shared AB/BC topic); BC-owned copy, edit independently."
512c70af-114a-416f-ab7e-de7c8a70a106,ap_calculus_bc,8,8.10,"cramapple-authored Duplicated from ap_calculus_ab 2026-08-21 (shared AB/BC topic); BC-owned copy, edit independently."
9fa534dc-08ba-4d93-bb22-b560d7cf6edf,ap_calculus_bc,8,8.11,"cramapple-authored Duplicated from ap_calculus_ab 2026-08-21 (shared AB/BC topic); BC-owned copy, edit independently."
0ab88254-7fdb-497f-8a76-cb562862eff1,ap_calculus_bc,8,8.12,"cramapple-authored Duplicated from ap_calculus_ab 2026-08-21 (shared AB/BC topic); BC-owned copy, edit independently."
8064d005-5fe9-4dd0-917f-89e7c99e8ec1,ap_calculus_bc,8,8.13,cramapple-authored Moved from ap_calculus_ab 2026-08-21: the CED marks this topic BC ONLY.
bd623c05-497e-4b0a-b4a3-7c92394fc7e8,ap_calculus_bc,8,8.2,"cramapple-authored Duplicated from ap_calculus_ab 2026-08-21 (shared AB/BC topic); BC-owned copy, edit independently."
b6b9593f-73cd-4b6d-8797-29a9c2b7b032,ap_calculus_bc,8,8.3,"cramapple-authored Duplicated from ap_calculus_ab 2026-08-21 (shared AB/BC topic); BC-owned copy, edit independently."
4fa307af-e0b4-4171-929e-742423f07f0d,ap_calculus_bc,8,8.4,"cramapple-authored Duplicated from ap_calculus_ab 2026-08-21 (shared AB/BC topic); BC-owned copy, edit independently."
7c81f5c0-b9a7-4917-a57a-e2c707196f40,ap_calculus_bc,8,8.5,"cramapple-authored Duplicated from ap_calculus_ab 2026-08-21 (shared AB/BC topic); BC-owned copy, edit independently."
2f09f190-c0ab-4263-b2bc-4afae932d53b,ap_calculus_bc,8,8.6,"cramapple-authored Duplicated from ap_calculus_ab 2026-08-21 (shared AB/BC topic); BC-owned copy, edit independently."
6d6a8f8f-7757-41e5-a156-eab76b0ff62f,ap_calculus_bc,8,8.7,"cramapple-authored Duplicated from ap_calculus_ab 2026-08-21 (shared AB/BC topic); BC-owned copy, edit independently."
0802c49a-9b0b-4a74-9f84-13d75f69f112,ap_calculus_bc,8,8.8,"cramapple-authored Duplicated from ap_calculus_ab 2026-08-21 (shared AB/BC topic); BC-owned copy, edit independently."
223c745b-e8fc-466b-afa5-e803beabb6ae,ap_calculus_bc,8,8.9,"cramapple-authored Duplicated from ap_calculus_ab 2026-08-21 (shared AB/BC topic); BC-owned copy, edit independently."
b4b6e559-558e-4509-997f-1f6dd848a85b,ap_chemistry,1,1.1,cramapple-authored
f347eb22-5bc0-4fcc-a863-e6a545a1c7a3,ap_chemistry,1,1.2,cramapple-authored
a1131f49-ceef-4634-8e14-e55c91ea90c6,ap_chemistry,1,1.3,cramapple-authored
10c0367a-82b7-49fc-bdfb-db98be2dbb00,ap_chemistry,1,1.4,cramapple-authored
4c1a62ab-6bbb-4bed-865b-1ac860957f4c,ap_chemistry,1,1.5,cramapple-authored
8cc31ec3-bee0-4416-ad19-de5776b69890,ap_chemistry,1,1.6,cramapple-authored
ff0c464e-edfe-4184-897d-281affb12c40,ap_chemistry,1,1.7,cramapple-authored
03613d37-1ec9-44c4-a7c8-e7e8d5289ab5,ap_chemistry,1,1.8,cramapple-authored
0b7a89b8-d54f-4097-b26a-c0ab3ad6fbf9,ap_chemistry,2,2.1,cramapple-authored
718faeb4-7f81-4b9f-bbb1-fb4d71d5df77,ap_chemistry,2,2.2,cramapple-authored
240c2140-efae-4200-86d8-8e1760270e6e,ap_chemistry,2,2.3,cramapple-authored
c2b2933b-1293-4e53-ae62-7a8f6d0ab3c3,ap_chemistry,2,2.4,cramapple-authored
7d7f4d56-9795-4b08-bdf6-9729f692bc55,ap_chemistry,2,2.5,cramapple-authored
ea9a25e0-11a6-41df-9ec5-62467383955c,ap_chemistry,2,2.6,cramapple-authored
acde5f65-aae8-4b82-8f28-1e07a8a18009,ap_chemistry,2,2.7,cramapple-authored
6546ce46-6803-40fd-8a35-d162892ecf0e,ap_chemistry,3,3.1,cramapple-authored
68171959-17bf-4b6e-ad24-96e784020842,ap_chemistry,3,3.10,cramapple-authored
76e48903-2dc2-4a11-b14b-920895901525,ap_chemistry,3,3.11,cramapple-authored
137ae842-e47a-43be-80eb-337d32eecaf7,ap_chemistry,3,3.2,cramapple-authored
0bc1cd00-9989-4949-8fb3-d677d61aa706,ap_chemistry,3,3.3,cramapple-authored
c617203f-b2ac-42ab-9660-11f77968527e,ap_chemistry,3,3.4,cramapple-authored
c9df3ebe-0c3d-445e-b67a-05e2b9635b70,ap_chemistry,3,3.5,cramapple-authored
eeff0e69-7915-4419-92a1-d60f9abf0f85,ap_chemistry,3,3.6,cramapple-authored
538fe2cb-3771-4fcc-b189-63bfba5b9a41,ap_chemistry,3,3.7,cramapple-authored
7d10fa03-aef7-4020-85c6-66ffbf7cdb61,ap_chemistry,3,3.8,cramapple-authored
897f6ff7-f1c1-40a9-a54c-be5e46fc478d,ap_chemistry,3,3.9,cramapple-authored
3cfaa3d2-86fd-477e-bffe-98ea320468f1,ap_physics_1,1,1.1,cramapple-authored
e2e010a7-b529-45b2-a63d-60df7f15f853,ap_physics_1,1,1.2,cramapple-authored
5b456850-65a4-4158-9883-406223b31cc6,ap_physics_1,1,1.3,cramapple-authored
56df4122-2be8-43c0-bc9e-d4b0c585fb2c,ap_physics_1,1,1.4,cramapple-authored
092302a7-bb85-4eae-977c-77d384b0b67e,ap_physics_1,1,1.5,cramapple-authored
604e0ec8-147b-408a-9978-77d8af707374,ap_physics_1,3,3.1,cramapple-authored
8e5bf60d-d59c-4547-a211-eca626db0bd5,ap_physics_1,3,3.2,cramapple-authored
5a714374-6ef4-4050-940c-e15654af998d,ap_physics_1,3,3.3,cramapple-authored
a6cc350a-3c0b-4837-8232-2dfe982fb558,ap_physics_1,3,3.4,cramapple-authored
0ffc047f-e654-43ef-92be-892f1ab5a675,ap_physics_1,3,3.5,cramapple-authored
2b53e84a-6f14-45fe-b7bf-b8c5e81d5136,ap_physics_2,9,9.1,cramapple-authored
68b42b7c-9a44-4913-8140-3639e4ec6040,ap_physics_2,9,9.2,cramapple-authored
beda8d83-944b-45c2-ac0b-8dbcd01f37f6,ap_physics_2,9,9.3,cramapple-authored
db9dbac8-43b9-4a35-a92e-7a31d522f7b2,ap_physics_2,9,9.4,cramapple-authored
fe8813a1-4ad3-46a7-809d-93a0b5690311,ap_physics_2,9,9.5,cramapple-authored
c4fbe7b6-4af7-44f7-b779-cf21e91c5630,ap_physics_2,9,9.6,cramapple-authored
36ad7c09-47e3-403e-a305-5fa2a2c7a0b3,ap_physics_2,11,11.1,cramapple-authored
08e73c95-72d1-4bfe-b88b-93cbec8f3632,ap_physics_2,11,11.2,cramapple-authored
ce5f3790-f70f-4e38-949b-4bb4df43e45b,ap_physics_2,11,11.3,cramapple-authored
f1b48dd1-9dc5-4513-b612-af02ed3cfc01,ap_physics_2,11,11.4,cramapple-authored
bb4d76ec-f228-4c80-b2b7-8fec9ecc2530,ap_physics_2,11,11.5,cramapple-authored
40b832b8-f2b0-442f-a420-c94cc83da5b9,ap_physics_2,11,11.6,cramapple-authored
a1d8c0a4-89e5-4151-9459-52fe2ad11bc6,ap_physics_2,11,11.7,cramapple-authored
3740899f-a718-4e04-a6c4-fd96b3cfcd52,ap_physics_2,11,11.8,cramapple-authored
3f4635a5-125c-4cc4-9512-97e67fe024f2,ap_physics_c_em,8,8.1,cramapple-authored
17a2e716-06a7-4a2c-8486-bb4c04bce17b,ap_physics_c_em,8,8.2,cramapple-authored
b4e8f9c7-7d25-4fa2-aa79-01284ea5d554,ap_physics_c_em,8,8.3,cramapple-authored
95fd8197-c0fa-4060-8d94-5359b6a5b431,ap_physics_c_em,8,8.4,cramapple-authored
a0593550-c7f4-4d26-82ca-4745f353d2d3,ap_physics_c_em,8,8.5,cramapple-authored
f8cf188f-86b3-40b1-b1b3-6feaee5bc9ac,ap_physics_c_em,8,8.6,cramapple-authored
f68a3681-48bb-4154-9cc8-f41655a5e2f9,ap_physics_c_em,10,10.1,cramapple-authored
801f9bf1-b2cf-419b-9106-4627e9035019,ap_physics_c_em,10,10.2,cramapple-authored
7c740487-05f9-41ca-b8f2-5e733b4bf289,ap_physics_c_em,10,10.3,cramapple-authored
1cbf2671-d7c4-42ab-935e-7275fdd7622a,ap_physics_c_em,10,10.4,cramapple-authored
686b15c1-72a1-4195-b828-313f9adfe2b2,ap_physics_c_mechanics,1,1.1,cramapple-authored
aa2f6ed9-0e0d-4e8e-a0c2-9a6528dde1b8,ap_physics_c_mechanics,1,1.2,cramapple-authored
678853ab-0e93-4d4d-a4dd-458bc359114c,ap_physics_c_mechanics,1,1.3,cramapple-authored
2b9cd0f0-81dc-4b57-a598-ebcb385c9da7,ap_physics_c_mechanics,1,1.4,cramapple-authored
db0d131f-e9e2-46b2-9388-2351b6ad64dc,ap_physics_c_mechanics,1,1.5,cramapple-authored
7559cc1b-9b58-4690-88cc-c63a182d489f,ap_physics_c_mechanics,3,3.1,cramapple-authored
33243d9f-a0aa-4b64-aa26-f78b4fba8604,ap_physics_c_mechanics,3,3.2,cramapple-authored
d083a380-2c70-4071-a5c5-e0b10bd12fcc,ap_physics_c_mechanics,3,3.3,cramapple-authored
30e5e046-5fab-44fa-b03c-79948f7b8ef7,ap_physics_c_mechanics,3,3.4,cramapple-authored
68695c6d-4ebd-4aa1-a6b6-d14136f04e77,ap_physics_c_mechanics,3,3.5,cramapple-authored
9606c2c0-8edc-43ce-b578-3444dc5dd021,ap_precalculus,1,1.1,cramapple-authored
ea9d23a9-70b4-4fcb-821b-e3d006153467,ap_precalculus,1,1.10,cramapple-authored
a8cc6240-8a2b-4d5e-90e5-3cc186ef789b,ap_precalculus,1,1.11,cramapple-authored
50509fd7-7c7e-46fb-9fdd-c00c96af1d6d,ap_precalculus,1,1.12,cramapple-authored
86cbd44b-49b7-4bb5-b7fd-b2c5b42e2a96,ap_precalculus,1,1.13,cramapple-authored
d22e6830-80f5-4980-af5a-00e61295da51,ap_precalculus,1,1.14,cramapple-authored
df911f32-eb41-47c0-8ef8-99d93f72f775,ap_precalculus,1,1.2,cramapple-authored
4eb7a212-e98d-4d37-b7dd-9c7c48979c2f,ap_precalculus,1,1.3,cramapple-authored
52d835c8-93d4-4204-918d-a3623fe2f2a8,ap_precalculus,1,1.4,cramapple-authored
0d6fd743-1a42-44bd-afdb-8f78f15b2ab6,ap_precalculus,1,1.5,cramapple-authored
0291bcd2-bcb0-4036-a821-dcc3b1b5df89,ap_precalculus,1,1.6,cramapple-authored
701629f1-3422-4b9b-add9-7f355fe43d8d,ap_precalculus,1,1.7,cramapple-authored
a3e1a04b-f068-4d7a-8641-6b226ca0a216,ap_precalculus,1,1.8,cramapple-authored
d1a1674e-467b-48e1-831a-f77c47a7ee6e,ap_precalculus,1,1.9,cramapple-authored
b79d3214-4495-4482-a934-cdf8105f0863,ap_precalculus,3,3.1,cramapple-authored
bd707b88-edbc-403a-9df3-20cb0de91686,ap_precalculus,3,3.10,cramapple-authored
7c5cd539-cc83-4462-9338-b8f84d7ad090,ap_precalculus,3,3.11,cramapple-authored
37a9c1ec-6d7e-4954-afa5-175a07b65597,ap_precalculus,3,3.12,cramapple-authored
e6855120-25cd-4448-9451-fc7cec6c544f,ap_precalculus,3,3.13,cramapple-authored
8d02e7fa-5312-4c0e-a7fc-1866d1c1d44f,ap_precalculus,3,3.14,cramapple-authored
44ce5d65-ada6-488c-a375-3a1c870ba267,ap_precalculus,3,3.15,cramapple-authored
8b3884eb-42ea-4bf1-8c20-89b33ea53c81,ap_precalculus,3,3.2,cramapple-authored
6e6797ea-7e27-4e4c-aba1-df5082f7de90,ap_precalculus,3,3.3,cramapple-authored
d7039884-e382-4f5c-9ec6-10c7c24277c4,ap_precalculus,3,3.4,cramapple-authored
7da94010-9479-4c34-9309-5d2a88722d86,ap_precalculus,3,3.5,cramapple-authored
2c32dec4-ecac-47d0-976c-ff17a193e935,ap_precalculus,3,3.6,cramapple-authored
77f962dc-b1ed-4e61-96f2-beb0237e9b9e,ap_precalculus,3,3.7,cramapple-authored
a7e4375e-9610-4a9c-9074-f08ae87b8baf,ap_precalculus,3,3.8,cramapple-authored
619cba82-f1ee-4cf7-9014-9ca8313b4740,ap_precalculus,3,3.9,cramapple-authored
8eba1623-0438-4561-9e33-2ff5271c998b,ap_statistics,1,1.1,cramapple-authored
279599ba-b2eb-49ab-ad81-fab366326fe3,ap_statistics,1,1.10,cramapple-authored
a05e0836-92af-407d-9953-129e8aaa7c7d,ap_statistics,1,1.11,cramapple-authored
dc360c41-b93d-4d51-b008-7b13644bffc3,ap_statistics,1,1.12,cramapple-authored
89df1bff-047d-4dc2-9a83-7c90453d22c5,ap_statistics,1,1.13,cramapple-authored
87814a66-83cd-4b3c-8025-96777f1f4a5d,ap_statistics,1,1.2,cramapple-authored
0df4ba47-d255-47c3-a78c-40e123a9331b,ap_statistics,1,1.3,cramapple-authored
62533a44-ce9e-45fe-8271-c227889c32aa,ap_statistics,1,1.4,cramapple-authored
0f62e0b7-5ae7-438c-99b1-da1cb2b71259,ap_statistics,1,1.5,cramapple-authored
166c8168-80be-4e1f-b862-d7d4a440306c,ap_statistics,1,1.6,cramapple-authored
4c62483d-3f77-4a68-82c4-b2f36b7273e6,ap_statistics,1,1.7,cramapple-authored
54519bde-2d68-4d8e-acc6-8be1cf78b384,ap_statistics,1,1.8,cramapple-authored
fd20817a-844b-431d-bf0a-44f08dadfd93,ap_statistics,1,1.9,cramapple-authored
3e9ec0d1-ef6e-4dd7-a3ef-1736be7d3281,ap_statistics,2,2.1,cramapple-authored
d241aa32-6cfe-4007-af92-ff80282a96a0,ap_statistics,2,2.10,cramapple-authored
fccf48b2-b95f-4d56-8dd6-df8136eaaac9,ap_statistics,2,2.11,cramapple-authored
8000b6b7-eccd-4d2d-a34c-ac629ab9b628,ap_statistics,2,2.12,cramapple-authored
d1b14984-6ebf-471e-ae79-d0d178acb1ef,ap_statistics,2,2.2,cramapple-authored
4d137bd1-a4f8-4f14-9bad-ae49e7ca2c32,ap_statistics,2,2.3,cramapple-authored
e221b1ca-d2f8-4bee-bcf9-9c29b34b0345,ap_statistics,2,2.4,cramapple-authored
0e7a8d5e-03a9-443f-a538-fffe2d544c1d,ap_statistics,2,2.5,cramapple-authored
72748fde-ca0d-42ad-8c11-ce68b2f78ce2,ap_statistics,2,2.6,cramapple-authored
fa54b3ea-6018-4c52-842f-e8857dbf31cc,ap_statistics,2,2.7,cramapple-authored
bfbc11c4-dda7-4cb1-b4ed-3341ca7250bf,ap_statistics,2,2.8,cramapple-authored
b4942cf2-6f4b-45e6-9c20-facf7b39e213,ap_statistics,2,2.9,cramapple-authored
9030b427-61ab-4604-8a5b-f7933cfacf34,ap_statistics,3,3.1,cramapple-authored
23ce5f7f-a8f7-4d2a-8b94-e22611c39154,ap_statistics,3,3.10,cramapple-authored
cee15d90-34fe-47d4-96bd-7168a01bc3c2,ap_statistics,3,3.11,cramapple-authored
8c69255d-5604-4501-9d82-0d343f127499,ap_statistics,3,3.12,cramapple-authored
ddfbf3d8-a5a9-453f-a3c2-d592e85c5717,ap_statistics,3,3.13,cramapple-authored
de4ed22f-f05f-4a03-b3ee-7beb3bad40b0,ap_statistics,3,3.14,cramapple-authored
53273a4e-93a2-4e2c-8784-e741a2a9251d,ap_statistics,3,3.15,cramapple-authored
dadb431c-a937-4082-84ee-a5d2bf186ca5,ap_statistics,3,3.2,cramapple-authored
f14c1c5e-df2e-4498-8349-67d2a5a7010a,ap_statistics,3,3.3,cramapple-authored
7b1ffce3-f84e-4313-867b-326c4d02c430,ap_statistics,3,3.4,cramapple-authored
f5d46dca-c2a9-46ce-ab1f-0701ace9108d,ap_statistics,3,3.5,cramapple-authored
f31ef7fb-d4e4-4d4d-a7d5-921ce9408afa,ap_statistics,3,3.6,cramapple-authored
15dd82e5-6aaf-49cd-b0fb-781d7b56234c,ap_statistics,3,3.7,cramapple-authored
b4ec0817-cf13-4f1f-a7a8-e8a5faf320ba,ap_statistics,3,3.8,cramapple-authored
bed08425-ad0c-4e78-8690-e59acd89ceb0,ap_statistics,3,3.9,cramapple-authored
