file_name,image_id,image_role,source_image_id,response_id,item_id,content_item_version_id,transformation,metadata_status,provenance_status,consent_status,storage_scope,captured_at,ingested_at
Bio-HRD/IMG_1182.jpeg,,,,,,,,,owner_or_contracted_creator,rights_transferred_via_standard_platform_tos,,,
Bio-HRD/IMG_1183.jpeg,,,,,,,,,owner_or_contracted_creator,rights_transferred_via_standard_platform_tos,,,
Bio-HRD/IMG_1184.jpeg,,,,,,,,,owner_or_contracted_creator,rights_transferred_via_standard_platform_tos,,,
Bio-HRD/IMG_1185.jpeg,,,,,,,,,owner_or_contracted_creator,rights_transferred_via_standard_platform_tos,,,
Bio-HRD/IMG_1186.jpeg,,,,,,,,,owner_or_contracted_creator,rights_transferred_via_standard_platform_tos,,,
Bio-HRD/IMG_1187.jpeg,,,,,,,,,owner_or_contracted_creator,rights_transferred_via_standard_platform_tos,,,
Bio-HRD/IMG_1188.jpeg,,,,,,,,,owner_or_contracted_creator,rights_transferred_via_standard_platform_tos,,,
Bio-HRD/IMG_1189.jpeg,,,,,,,,,owner_or_contracted_creator,rights_transferred_via_standard_platform_tos,,,
Bio-HRD/IMG_1190.jpeg,,,,,,,,,owner_or_contracted_creator,rights_transferred_via_standard_platform_tos,,,
Bio-HRD/IMG_1191.jpeg,,,,,,,,,owner_or_contracted_creator,rights_transferred_via_standard_platform_tos,,,
Bio-HRD/IMG_1192.jpeg,,,,,,,,,owner_or_contracted_creator,rights_transferred_via_standard_platform_tos,,,
Bio-HRD/IMG_1193.jpeg,,,,,,,,,owner_or_contracted_creator,rights_transferred_via_standard_platform_tos,,,
Bio-HRD/IMG_1194.jpeg,,,,,,,,,owner_or_contracted_creator,rights_transferred_via_standard_platform_tos,,,
Bio-HRD/IMG_1195.jpeg,,,,,,,,,owner_or_contracted_creator,rights_transferred_via_standard_platform_tos,,,
Bio-HRD/IMG_1196.jpeg,,,,,,,,,owner_or_contracted_creator,rights_transferred_via_standard_platform_tos,,,
Bio-HRD/IMG_1197.jpeg,,,,,,,,,owner_or_contracted_creator,rights_transferred_via_standard_platform_tos,,,
Bio-HRD/IMG_1198.jpeg,,,,,,,,,owner_or_contracted_creator,rights_transferred_via_standard_platform_tos,,,
Bio-HRD/IMG_1199.jpeg,,,,,,,,,owner_or_contracted_creator,rights_transferred_via_standard_platform_tos,,,
Bio-HRD/IMG_1200.jpeg,,,,,,,,,owner_or_contracted_creator,rights_transferred_via_standard_platform_tos,,,
Bio-HRD/IMG_1201.jpeg,,,,,,,,,owner_or_contracted_creator,rights_transferred_via_standard_platform_tos,,,
Bio-HRD/IMG_1202.jpeg,,,,,,,,,owner_or_contracted_creator,rights_transferred_via_standard_platform_tos,,,
Bio-HRD/IMG_1203.jpeg,,,,,,,,,owner_or_contracted_creator,rights_transferred_via_standard_platform_tos,,,
Bio-HRD/IMG_1204.jpeg,,,,,,,,,owner_or_contracted_creator,rights_transferred_via_standard_platform_tos,,,
Bio-HRD/IMG_1205.jpeg,,,,,,,,,owner_or_contracted_creator,rights_transferred_via_standard_platform_tos,,,
Bio-HRD/IMG_1206.jpeg,,,,,,,,,owner_or_contracted_creator,rights_transferred_via_standard_platform_tos,,,
Bio-HRD/IMG_1207.jpeg,,,,,,,,,owner_or_contracted_creator,rights_transferred_via_standard_platform_tos,,,
Bio-HRD/IMG_1208.jpeg,,,,,,,,,owner_or_contracted_creator,rights_transferred_via_standard_platform_tos,,,
Bio-HRD/IMG_1209.jpeg,,,,,,,,,owner_or_contracted_creator,rights_transferred_via_standard_platform_tos,,,
Bio-HRD/IMG_1210.jpeg,,,,,,,,,owner_or_contracted_creator,rights_transferred_via_standard_platform_tos,,,
Bio-HRD/IMG_1211.jpeg,,,,,,,,,owner_or_contracted_creator,rights_transferred_via_standard_platform_tos,,,
Bio-HRD/IMG_1212.jpeg,,,,,,,,,owner_or_contracted_creator,rights_transferred_via_standard_platform_tos,,,
Bio-HRD/IMG_1213.jpeg,,,,,,,,,owner_or_contracted_creator,rights_transferred_via_standard_platform_tos,,,
Bio-HRD/IMG_1214.jpeg,,,,,,,,,owner_or_contracted_creator,rights_transferred_via_standard_platform_tos,,,
Bio-HRD/IMG_1215.jpeg,,,,,,,,,owner_or_contracted_creator,rights_transferred_via_standard_platform_tos,,,
Bio-HRD/IMG_1216.jpeg,,,,,,,,,owner_or_contracted_creator,rights_transferred_via_standard_platform_tos,,,
Bio-HRD/IMG_1217.jpeg,,,,,,,,,owner_or_contracted_creator,rights_transferred_via_standard_platform_tos,,,
Bio-HRD/IMG_1218.jpeg,,,,,,,,,owner_or_contracted_creator,rights_transferred_via_standard_platform_tos,,,
Bio-HRD/IMG_1219.jpeg,,,,,,,,,owner_or_contracted_creator,rights_transferred_via_standard_platform_tos,,,
Bio-HRD/IMG_1220.jpeg,,,,,,,,,owner_or_contracted_creator,rights_transferred_via_standard_platform_tos,,,
Bio-HRD/IMG_1221.jpeg,,,,,,,,,owner_or_contracted_creator,rights_transferred_via_standard_platform_tos,,,
Bio-HRD/IMG_1222.jpeg,,,,,,,,,owner_or_contracted_creator,rights_transferred_via_standard_platform_tos,,,
Bio-HRD/IMG_1223.jpeg,,,,,,,,,owner_or_contracted_creator,rights_transferred_via_standard_platform_tos,,,
Bio-HRD/IMG_1224.jpeg,,,,,,,,,owner_or_contracted_creator,rights_transferred_via_standard_platform_tos,,,
Bio-HRD/IMG_1225.jpeg,,,,,,,,,owner_or_contracted_creator,rights_transferred_via_standard_platform_tos,,,
Bio-HRD/IMG_1226.jpeg,,,,,,,,,owner_or_contracted_creator,rights_transferred_via_standard_platform_tos,,,
Bio-HRD/IMG_1227.jpeg,,,,,,,,,owner_or_contracted_creator,rights_transferred_via_standard_platform_tos,,,
Bio-HRD/IMG_1228.jpeg,,,,,,,,,owner_or_contracted_creator,rights_transferred_via_standard_platform_tos,,,
Bio-HRD/IMG_1229.jpeg,,,,,,,,,owner_or_contracted_creator,rights_transferred_via_standard_platform_tos,,,
Bio-HRD/IMG_1230.jpeg,,,,,,,,,owner_or_contracted_creator,rights_transferred_via_standard_platform_tos,,,
Bio-HRD/IMG_1231.jpeg,,,,,,,,,owner_or_contracted_creator,rights_transferred_via_standard_platform_tos,,,
Calc AB HDR/IMG_7074.jpeg,,,,,,,,,owner_or_contracted_creator,rights_transferred_via_standard_platform_tos,,,
Calc AB HDR/IMG_7075.jpeg,,,,,,,,,owner_or_contracted_creator,rights_transferred_via_standard_platform_tos,,,
Calc AB HDR/IMG_7077.jpeg,,,,,,,,,owner_or_contracted_creator,rights_transferred_via_standard_platform_tos,,,
Calc AB HDR/IMG_7078.jpeg,,,,,,,,,owner_or_contracted_creator,rights_transferred_via_standard_platform_tos,,,
Calc AB HDR/IMG_7080.jpeg,,,,,,,,,owner_or_contracted_creator,rights_transferred_via_standard_platform_tos,,,
Calc AB HDR/IMG_7084.jpeg,,,,,,,,,owner_or_contracted_creator,rights_transferred_via_standard_platform_tos,,,
Chem HDR/IMG_7081.jpeg,,,,,,,,,owner_or_contracted_creator,rights_transferred_via_standard_platform_tos,,,
Chem HDR/IMG_7082.jpeg,,,,,,,,,owner_or_contracted_creator,rights_transferred_via_standard_platform_tos,,,
Chem HDR/IMG_7083.jpeg,,,,,,,,,owner_or_contracted_creator,rights_transferred_via_standard_platform_tos,,,
Chem HDR/IMG_7084 2.jpeg,,,,,,,,,owner_or_contracted_creator,rights_transferred_via_standard_platform_tos,,,
Chem HDR/IMG_7085.jpeg,,,,,,,,,owner_or_contracted_creator,rights_transferred_via_standard_platform_tos,,,
Chem HDR/IMG_7086.jpeg,,,,,,,,,owner_or_contracted_creator,rights_transferred_via_standard_platform_tos,,,
Chem HDR/IMG_7087.jpeg,,,,,,,,,owner_or_contracted_creator,rights_transferred_via_standard_platform_tos,,,
Chem HDR/IMG_7088.jpeg,,,,,,,,,owner_or_contracted_creator,rights_transferred_via_standard_platform_tos,,,
Chem HDR/IMG_7089.jpeg,,,,,,,,,owner_or_contracted_creator,rights_transferred_via_standard_platform_tos,,,
HDG-2026-P1-CAT-001__response-02.png,,,,,,,,,owner_or_contracted_creator,rights_transferred_via_standard_platform_tos,,,
HDG-2026-P1-CAT-002__response-02.png,,,,,,,,,owner_or_contracted_creator,rights_transferred_via_standard_platform_tos,,,
HDG-2026-P1-CAT-003__response-02.png,,,,,,,,,owner_or_contracted_creator,rights_transferred_via_standard_platform_tos,,,
HDG-2026-P1-CAT-004__response-02.png,,,,,,,,,owner_or_contracted_creator,rights_transferred_via_standard_platform_tos,,,
HDG-2026-P1-CAT-005__response-02.png,,,,,,,,,owner_or_contracted_creator,rights_transferred_via_standard_platform_tos,,,
HDG-2026-P1-CAT-006__response-02.png,,,,,,,,,owner_or_contracted_creator,rights_transferred_via_standard_platform_tos,,,
HDG-2026-P1-CAT-007__response-02.png,,,,,,,,,owner_or_contracted_creator,rights_transferred_via_standard_platform_tos,,,
HDG-2026-P1-CAT-008__response-02.png,,,,,,,,,owner_or_contracted_creator,rights_transferred_via_standard_platform_tos,,,
HDG-2026-P1-CAT-009__response-02.png,,,,,,,,,owner_or_contracted_creator,rights_transferred_via_standard_platform_tos,,,
HDG-2026-P1-CAT-010__response-02.png,,,,,,,,,owner_or_contracted_creator,rights_transferred_via_standard_platform_tos,,,
HDG-2026-P1-CAT-011__response-02.png,,,,,,,,,owner_or_contracted_creator,rights_transferred_via_standard_platform_tos,,,
HDG-2026-P1-CAT-012__response-02.png,,,,,,,,,owner_or_contracted_creator,rights_transferred_via_standard_platform_tos,,,
HDG-2026-P1-CAT-013__response-02.png,,,,,,,,,owner_or_contracted_creator,rights_transferred_via_standard_platform_tos,,,
HDG-2026-P1-CAT-014__response-02.png,,,,,,,,,owner_or_contracted_creator,rights_transferred_via_standard_platform_tos,,,
HDG-2026-P1-CAT-015__response-02.png,,,,,,,,,owner_or_contracted_creator,rights_transferred_via_standard_platform_tos,,,
HDG-2026-P1-CAT-016__response-02.png,,,,,,,,,owner_or_contracted_creator,rights_transferred_via_standard_platform_tos,,,
HDG-2026-P1-CAT-017__response-02.png,,,,,,,,,owner_or_contracted_creator,rights_transferred_via_standard_platform_tos,,,
HDG-2026-P1-EST-001__response-02.png,,,,,,,,,owner_or_contracted_creator,rights_transferred_via_standard_platform_tos,,,
HDG-2026-P1-EST-002__response-02.png,,,,,,,,,owner_or_contracted_creator,rights_transferred_via_standard_platform_tos,,,
HDG-2026-P1-EST-003__response-02.png,,,,,,,,,owner_or_contracted_creator,rights_transferred_via_standard_platform_tos,,,
HDG-2026-P1-EST-004__response-02.png,,,,,,,,,owner_or_contracted_creator,rights_transferred_via_standard_platform_tos,,,
HDG-2026-P1-EST-005__response-02.png,,,,,,,,,owner_or_contracted_creator,rights_transferred_via_standard_platform_tos,,,
HDG-2026-P1-EST-006__response-02.png,,,,,,,,,owner_or_contracted_creator,rights_transferred_via_standard_platform_tos,,,
HDG-2026-P1-EST-007__response-02.png,,,,,,,,,owner_or_contracted_creator,rights_transferred_via_standard_platform_tos,,,
HDG-2026-P1-EST-008__response-02.png,,,,,,,,,owner_or_contracted_creator,rights_transferred_via_standard_platform_tos,,,
HDG-2026-P1-EST-009__response-02.png,,,,,,,,,owner_or_contracted_creator,rights_transferred_via_standard_platform_tos,,,
HDG-2026-P1-EST-010__response-02.png,,,,,,,,,owner_or_contracted_creator,rights_transferred_via_standard_platform_tos,,,
HDG-2026-P1-EST-011__response-02.png,,,,,,,,,owner_or_contracted_creator,rights_transferred_via_standard_platform_tos,,,
HDG-2026-P1-EST-012__response-02.png,,,,,,,,,owner_or_contracted_creator,rights_transferred_via_standard_platform_tos,,,
HDG-2026-P1-EST-013__response-02.png,,,,,,,,,owner_or_contracted_creator,rights_transferred_via_standard_platform_tos,,,
HDG-2026-P1-EST-014__response-02.png,,,,,,,,,owner_or_contracted_creator,rights_transferred_via_standard_platform_tos,,,
HDG-2026-P1-EST-015__response-02.png,,,,,,,,,owner_or_contracted_creator,rights_transferred_via_standard_platform_tos,,,
HDG-2026-P1-EST-016__response-02.png,,,,,,,,,owner_or_contracted_creator,rights_transferred_via_standard_platform_tos,,,
HDG-2026-P1-SER-001__response-02.png,,,,,,,,,owner_or_contracted_creator,rights_transferred_via_standard_platform_tos,,,
HDG-2026-P1-SER-002__response-02.png,,,,,,,,,owner_or_contracted_creator,rights_transferred_via_standard_platform_tos,,,
HDG-2026-P1-SER-003__response-02.png,,,,,,,,,owner_or_contracted_creator,rights_transferred_via_standard_platform_tos,,,
HDG-2026-P1-SER-004__response-02.png,,,,,,,,,owner_or_contracted_creator,rights_transferred_via_standard_platform_tos,,,
HDG-2026-P1-SER-005__response-03.png,,,,,,,,,owner_or_contracted_creator,rights_transferred_via_standard_platform_tos,,,
HDG-2026-P1-SER-006__response-02.png,,,,,,,,,owner_or_contracted_creator,rights_transferred_via_standard_platform_tos,,,
HDG-2026-P1-SER-007__response-02.png,,,,,,,,,owner_or_contracted_creator,rights_transferred_via_standard_platform_tos,,,
HDG-2026-P1-SER-008__response-02.png,,,,,,,,,owner_or_contracted_creator,rights_transferred_via_standard_platform_tos,,,
HDG-2026-P1-SER-009__response-02.png,,,,,,,,,owner_or_contracted_creator,rights_transferred_via_standard_platform_tos,,,
HDG-2026-P1-SER-010__response-02.png,,,,,,,,,owner_or_contracted_creator,rights_transferred_via_standard_platform_tos,,,
HDG-2026-P1-SER-011__response-02.png,,,,,,,,,owner_or_contracted_creator,rights_transferred_via_standard_platform_tos,,,
HDG-2026-P1-SER-012__response-02.png,,,,,,,,,owner_or_contracted_creator,rights_transferred_via_standard_platform_tos,,,
HDG-2026-P1-SER-013__response-02.png,,,,,,,,,owner_or_contracted_creator,rights_transferred_via_standard_platform_tos,,,
HDG-2026-P1-SER-014__response-02.png,,,,,,,,,owner_or_contracted_creator,rights_transferred_via_standard_platform_tos,,,
HDG-2026-P1-SER-015__response-02.png,,,,,,,,,owner_or_contracted_creator,rights_transferred_via_standard_platform_tos,,,
HDG-2026-P1-SER-016__response-02.png,,,,,,,,,owner_or_contracted_creator,rights_transferred_via_standard_platform_tos,,,
HDG-2026-P1-SER-017__response-02.png,,,,,,,,,owner_or_contracted_creator,rights_transferred_via_standard_platform_tos,,,
IMG_0796.jpeg,,,,,,,,,owner_or_contracted_creator,rights_transferred_via_standard_platform_tos,,,
IMG_0797.jpeg,,,,,,,,,owner_or_contracted_creator,rights_transferred_via_standard_platform_tos,,,
IMG_0798.jpeg,,,,,,,,,owner_or_contracted_creator,rights_transferred_via_standard_platform_tos,,,
IMG_0799.jpeg,,,,,,,,,owner_or_contracted_creator,rights_transferred_via_standard_platform_tos,,,
IMG_0800.jpeg,,,,,,,,,owner_or_contracted_creator,rights_transferred_via_standard_platform_tos,,,
IMG_0801.jpeg,,,,,,,,,owner_or_contracted_creator,rights_transferred_via_standard_platform_tos,,,
IMG_0802.jpeg,,,,,,,,,owner_or_contracted_creator,rights_transferred_via_standard_platform_tos,,,
IMG_0803.jpeg,,,,,,,,,owner_or_contracted_creator,rights_transferred_via_standard_platform_tos,,,
IMG_0804.jpeg,,,,,,,,,owner_or_contracted_creator,rights_transferred_via_standard_platform_tos,,,
IMG_0805.jpeg,,,,,,,,,owner_or_contracted_creator,rights_transferred_via_standard_platform_tos,,,
IMG_0806.jpeg,,,,,,,,,owner_or_contracted_creator,rights_transferred_via_standard_platform_tos,,,
IMG_0807.jpeg,,,,,,,,,owner_or_contracted_creator,rights_transferred_via_standard_platform_tos,,,
IMG_0808.jpeg,,,,,,,,,owner_or_contracted_creator,rights_transferred_via_standard_platform_tos,,,
IMG_0809.jpeg,,,,,,,,,owner_or_contracted_creator,rights_transferred_via_standard_platform_tos,,,
IMG_0810.jpeg,,,,,,,,,owner_or_contracted_creator,rights_transferred_via_standard_platform_tos,,,
IMG_0811.jpeg,,,,,,,,,owner_or_contracted_creator,rights_transferred_via_standard_platform_tos,,,
IMG_0812.jpeg,,,,,,,,,owner_or_contracted_creator,rights_transferred_via_standard_platform_tos,,,
IMG_0813.jpeg,,,,,,,,,owner_or_contracted_creator,rights_transferred_via_standard_platform_tos,,,
IMG_0814.jpeg,,,,,,,,,owner_or_contracted_creator,rights_transferred_via_standard_platform_tos,,,
IMG_0815.jpeg,,,,,,,,,owner_or_contracted_creator,rights_transferred_via_standard_platform_tos,,,
IMG_0816.jpeg,,,,,,,,,owner_or_contracted_creator,rights_transferred_via_standard_platform_tos,,,
IMG_0817.jpeg,,,,,,,,,owner_or_contracted_creator,rights_transferred_via_standard_platform_tos,,,
IMG_0818.jpeg,,,,,,,,,owner_or_contracted_creator,rights_transferred_via_standard_platform_tos,,,
IMG_0819.jpeg,,,,,,,,,owner_or_contracted_creator,rights_transferred_via_standard_platform_tos,,,
IMG_0820.jpeg,,,,,,,,,owner_or_contracted_creator,rights_transferred_via_standard_platform_tos,,,
IMG_0821.jpeg,,,,,,,,,owner_or_contracted_creator,rights_transferred_via_standard_platform_tos,,,
IMG_0822.jpeg,,,,,,,,,owner_or_contracted_creator,rights_transferred_via_standard_platform_tos,,,
IMG_6912.jpeg,,,,,,,,,owner_or_contracted_creator,rights_transferred_via_standard_platform_tos,,,
IMG_6913.jpeg,,,,,,,,,owner_or_contracted_creator,rights_transferred_via_standard_platform_tos,,,
IMG_6914.jpeg,,,,,,,,,owner_or_contracted_creator,rights_transferred_via_standard_platform_tos,,,
IMG_6915.jpeg,,,,,,,,,owner_or_contracted_creator,rights_transferred_via_standard_platform_tos,,,
IMG_6916.jpeg,,,,,,,,,owner_or_contracted_creator,rights_transferred_via_standard_platform_tos,,,
IMG_6917.jpeg,,,,,,,,,owner_or_contracted_creator,rights_transferred_via_standard_platform_tos,,,
IMG_6918.jpeg,,,,,,,,,owner_or_contracted_creator,rights_transferred_via_standard_platform_tos,,,
IMG_6919.jpeg,,,,,,,,,owner_or_contracted_creator,rights_transferred_via_standard_platform_tos,,,
IMG_6920.jpeg,,,,,,,,,owner_or_contracted_creator,rights_transferred_via_standard_platform_tos,,,
IMG_6921.jpeg,,,,,,,,,owner_or_contracted_creator,rights_transferred_via_standard_platform_tos,,,
IMG_6922.jpeg,,,,,,,,,owner_or_contracted_creator,rights_transferred_via_standard_platform_tos,,,
IMG_6923.jpeg,,,,,,,,,owner_or_contracted_creator,rights_transferred_via_standard_platform_tos,,,
IMG_6924.jpeg,,,,,,,,,owner_or_contracted_creator,rights_transferred_via_standard_platform_tos,,,
IMG_6925.jpeg,,,,,,,,,owner_or_contracted_creator,rights_transferred_via_standard_platform_tos,,,
IMG_6925.jpg,,,,,,,,,owner_or_contracted_creator,rights_transferred_via_standard_platform_tos,,,
IMG_6926.jpeg,,,,,,,,,owner_or_contracted_creator,rights_transferred_via_standard_platform_tos,,,
IMG_6927.jpeg,,,,,,,,,owner_or_contracted_creator,rights_transferred_via_standard_platform_tos,,,
IMG_6928.jpeg,,,,,,,,,owner_or_contracted_creator,rights_transferred_via_standard_platform_tos,,,
IMG_6929.jpeg,,,,,,,,,owner_or_contracted_creator,rights_transferred_via_standard_platform_tos,,,
IMG_6930.jpeg,,,,,,,,,owner_or_contracted_creator,rights_transferred_via_standard_platform_tos,,,
IMG_6931.jpeg,,,,,,,,,owner_or_contracted_creator,rights_transferred_via_standard_platform_tos,,,
IMG_6932.jpeg,,,,,,,,,owner_or_contracted_creator,rights_transferred_via_standard_platform_tos,,,
IMG_6933.jpeg,,,,,,,,,owner_or_contracted_creator,rights_transferred_via_standard_platform_tos,,,
IMG_6934.jpeg,,,,,,,,,owner_or_contracted_creator,rights_transferred_via_standard_platform_tos,,,
Other Bio HDR/App Graphs from Pdf 1  (1)/IMG_0796.jpeg,,,,,,,,,owner_or_contracted_creator,rights_transferred_via_standard_platform_tos,,,
Other Bio HDR/App Graphs from Pdf 1  (1)/IMG_0797.jpeg,,,,,,,,,owner_or_contracted_creator,rights_transferred_via_standard_platform_tos,,,
Other Bio HDR/App Graphs from Pdf 1  (1)/IMG_0798.jpeg,,,,,,,,,owner_or_contracted_creator,rights_transferred_via_standard_platform_tos,,,
Other Bio HDR/App Graphs from Pdf 1  (1)/IMG_0799.jpeg,,,,,,,,,owner_or_contracted_creator,rights_transferred_via_standard_platform_tos,,,
Other Bio HDR/App Graphs from Pdf 1  (1)/IMG_0800.jpeg,,,,,,,,,owner_or_contracted_creator,rights_transferred_via_standard_platform_tos,,,
Other Bio HDR/App Graphs from Pdf 1  (1)/IMG_0801.jpeg,,,,,,,,,owner_or_contracted_creator,rights_transferred_via_standard_platform_tos,,,
Other Bio HDR/App Graphs from Pdf 1  (1)/IMG_0802.jpeg,,,,,,,,,owner_or_contracted_creator,rights_transferred_via_standard_platform_tos,,,
Other Bio HDR/App Graphs from Pdf 1  (1)/IMG_0803.jpeg,,,,,,,,,owner_or_contracted_creator,rights_transferred_via_standard_platform_tos,,,
Other Bio HDR/App Graphs from Pdf 1  (1)/IMG_0804.jpeg,,,,,,,,,owner_or_contracted_creator,rights_transferred_via_standard_platform_tos,,,
Other Bio HDR/App Graphs from Pdf 1  (1)/IMG_0805.jpeg,,,,,,,,,owner_or_contracted_creator,rights_transferred_via_standard_platform_tos,,,
Other Bio HDR/App Graphs from Pdf 1  (1)/IMG_0806.jpeg,,,,,,,,,owner_or_contracted_creator,rights_transferred_via_standard_platform_tos,,,
Other Bio HDR/App Graphs from Pdf 1  (1)/IMG_0807.jpeg,,,,,,,,,owner_or_contracted_creator,rights_transferred_via_standard_platform_tos,,,
Other Bio HDR/App Graphs from Pdf 1  (1)/IMG_0808.jpeg,,,,,,,,,owner_or_contracted_creator,rights_transferred_via_standard_platform_tos,,,
Other Bio HDR/App Graphs from Pdf 1  (1)/IMG_0809.jpeg,,,,,,,,,owner_or_contracted_creator,rights_transferred_via_standard_platform_tos,,,
Other Bio HDR/App Graphs from Pdf 1  (1)/IMG_0810.jpeg,,,,,,,,,owner_or_contracted_creator,rights_transferred_via_standard_platform_tos,,,
Other Bio HDR/App Graphs from Pdf 1  (1)/IMG_0811.jpeg,,,,,,,,,owner_or_contracted_creator,rights_transferred_via_standard_platform_tos,,,
Other Bio HDR/App Graphs from Pdf 1  (1)/IMG_0812.jpeg,,,,,,,,,owner_or_contracted_creator,rights_transferred_via_standard_platform_tos,,,
Other Bio HDR/App Graphs from Pdf 1  (1)/IMG_0813.jpeg,,,,,,,,,owner_or_contracted_creator,rights_transferred_via_standard_platform_tos,,,
Other Bio HDR/App Graphs from Pdf 1  (1)/IMG_0814.jpeg,,,,,,,,,owner_or_contracted_creator,rights_transferred_via_standard_platform_tos,,,
Other Bio HDR/App Graphs from Pdf 1  (1)/IMG_0815.jpeg,,,,,,,,,owner_or_contracted_creator,rights_transferred_via_standard_platform_tos,,,
Other Bio HDR/App Graphs from Pdf 1  (1)/IMG_0816.jpeg,,,,,,,,,owner_or_contracted_creator,rights_transferred_via_standard_platform_tos,,,
Other Bio HDR/App Graphs from Pdf 1  (1)/IMG_0817.jpeg,,,,,,,,,owner_or_contracted_creator,rights_transferred_via_standard_platform_tos,,,
Other Bio HDR/App Graphs from Pdf 1  (1)/IMG_0818.jpeg,,,,,,,,,owner_or_contracted_creator,rights_transferred_via_standard_platform_tos,,,
Other Bio HDR/App Graphs from Pdf 1  (1)/IMG_0819.jpeg,,,,,,,,,owner_or_contracted_creator,rights_transferred_via_standard_platform_tos,,,
Other Bio HDR/App Graphs from Pdf 1  (1)/IMG_0820.jpeg,,,,,,,,,owner_or_contracted_creator,rights_transferred_via_standard_platform_tos,,,
Other Bio HDR/App Graphs from Pdf 1  (1)/IMG_0821.jpeg,,,,,,,,,owner_or_contracted_creator,rights_transferred_via_standard_platform_tos,,,
Other Bio HDR/App Graphs from Pdf 1  (1)/IMG_0822.jpeg,,,,,,,,,owner_or_contracted_creator,rights_transferred_via_standard_platform_tos,,,
Other Bio HDR/Biology Packet 2/HDG-2026-P1-CAT-001__response-01.jpg,,,,,,,,,owner_or_contracted_creator,rights_transferred_via_standard_platform_tos,,,
Other Bio HDR/Biology Packet 2/HDG-2026-P1-CAT-002__response-01.jpg,,,,,,,,,owner_or_contracted_creator,rights_transferred_via_standard_platform_tos,,,
Other Bio HDR/Biology Packet 2/HDG-2026-P1-CAT-003__response-01.jpg,,,,,,,,,owner_or_contracted_creator,rights_transferred_via_standard_platform_tos,,,
Other Bio HDR/Biology Packet 2/HDG-2026-P1-CAT-004__response-01.jpg,,,,,,,,,owner_or_contracted_creator,rights_transferred_via_standard_platform_tos,,,
Other Bio HDR/Biology Packet 2/HDG-2026-P1-CAT-005__response-01.jpg,,,,,,,,,owner_or_contracted_creator,rights_transferred_via_standard_platform_tos,,,
Other Bio HDR/Biology Packet 2/HDG-2026-P1-CAT-006__response-01.jpg,,,,,,,,,owner_or_contracted_creator,rights_transferred_via_standard_platform_tos,,,
Other Bio HDR/Biology Packet 2/HDG-2026-P1-CAT-007__response-01.jpg,,,,,,,,,owner_or_contracted_creator,rights_transferred_via_standard_platform_tos,,,
Other Bio HDR/Biology Packet 2/HDG-2026-P1-CAT-008__response-01.jpg,,,,,,,,,owner_or_contracted_creator,rights_transferred_via_standard_platform_tos,,,
Other Bio HDR/Biology Packet 2/HDG-2026-P1-CAT-009__response-01.jpg,,,,,,,,,owner_or_contracted_creator,rights_transferred_via_standard_platform_tos,,,
Other Bio HDR/Biology Packet 2/HDG-2026-P1-CAT-010__response-01.jpg,,,,,,,,,owner_or_contracted_creator,rights_transferred_via_standard_platform_tos,,,
Other Bio HDR/Biology Packet 2/HDG-2026-P1-CAT-011__response-01.jpg,,,,,,,,,owner_or_contracted_creator,rights_transferred_via_standard_platform_tos,,,
Other Bio HDR/Biology Packet 2/HDG-2026-P1-CAT-012__response-01.jpg,,,,,,,,,owner_or_contracted_creator,rights_transferred_via_standard_platform_tos,,,
Other Bio HDR/Biology Packet 2/HDG-2026-P1-CAT-013__response-01.jpg,,,,,,,,,owner_or_contracted_creator,rights_transferred_via_standard_platform_tos,,,
Other Bio HDR/Biology Packet 2/HDG-2026-P1-CAT-014__response-01.jpg,,,,,,,,,owner_or_contracted_creator,rights_transferred_via_standard_platform_tos,,,
Other Bio HDR/Biology Packet 2/HDG-2026-P1-CAT-015__response-01.jpg,,,,,,,,,owner_or_contracted_creator,rights_transferred_via_standard_platform_tos,,,
Other Bio HDR/Biology Packet 2/HDG-2026-P1-CAT-016__response-01.jpg,,,,,,,,,owner_or_contracted_creator,rights_transferred_via_standard_platform_tos,,,
Other Bio HDR/Biology Packet 2/HDG-2026-P1-CAT-017__response-01.jpg,,,,,,,,,owner_or_contracted_creator,rights_transferred_via_standard_platform_tos,,,
Other Bio HDR/Biology Packet 2/HDG-2026-P1-CAT-035__response-01.jpg,,,,,,,,,owner_or_contracted_creator,rights_transferred_via_standard_platform_tos,,,
Other Bio HDR/Biology Packet 2/HDG-2026-P1-CAT-036__response-01.jpg,,,,,,,,,owner_or_contracted_creator,rights_transferred_via_standard_platform_tos,,,
Other Bio HDR/Biology Packet 2/HDG-2026-P1-CAT-037__response-01.jpg,,,,,,,,,owner_or_contracted_creator,rights_transferred_via_standard_platform_tos,,,
Other Bio HDR/Biology Packet 2/HDG-2026-P1-CAT-038__response-01.jpg,,,,,,,,,owner_or_contracted_creator,rights_transferred_via_standard_platform_tos,,,
Other Bio HDR/Biology Packet 2/HDG-2026-P1-CAT-039__response-01.jpg,,,,,,,,,owner_or_contracted_creator,rights_transferred_via_standard_platform_tos,,,
Other Bio HDR/Biology Packet 2/HDG-2026-P1-CAT-040__response-01.jpg,,,,,,,,,owner_or_contracted_creator,rights_transferred_via_standard_platform_tos,,,
Other Bio HDR/Biology Packet 2/HDG-2026-P1-CAT-041__response-01.jpg,,,,,,,,,owner_or_contracted_creator,rights_transferred_via_standard_platform_tos,,,
Other Bio HDR/Biology Packet 2/HDG-2026-P1-CAT-042__response-01.jpg,,,,,,,,,owner_or_contracted_creator,rights_transferred_via_standard_platform_tos,,,
Other Bio HDR/Biology Packet 2/HDG-2026-P1-CAT-043__response-01.jpg,,,,,,,,,owner_or_contracted_creator,rights_transferred_via_standard_platform_tos,,,
Other Bio HDR/Biology Packet 2/HDG-2026-P1-CAT-044__response-01.jpg,,,,,,,,,owner_or_contracted_creator,rights_transferred_via_standard_platform_tos,,,
Other Bio HDR/Biology Packet 2/HDG-2026-P1-CAT-045__response-01.jpg,,,,,,,,,owner_or_contracted_creator,rights_transferred_via_standard_platform_tos,,,
Other Bio HDR/Biology Packet 2/HDG-2026-P1-CAT-046__response-01.jpg,,,,,,,,,owner_or_contracted_creator,rights_transferred_via_standard_platform_tos,,,
Other Bio HDR/Biology Packet 2/HDG-2026-P1-CAT-047__response-01.jpg,,,,,,,,,owner_or_contracted_creator,rights_transferred_via_standard_platform_tos,,,
Other Bio HDR/Biology Packet 2/HDG-2026-P1-CAT-048__response-01.jpg,,,,,,,,,owner_or_contracted_creator,rights_transferred_via_standard_platform_tos,,,
Other Bio HDR/Biology Packet 2/HDG-2026-P1-CAT-049__response-01.jpg,,,,,,,,,owner_or_contracted_creator,rights_transferred_via_standard_platform_tos,,,
Other Bio HDR/Biology Packet 2/HDG-2026-P1-CAT-050__response-01.jpg,,,,,,,,,owner_or_contracted_creator,rights_transferred_via_standard_platform_tos,,,
Other Bio HDR/Biology Packet 2/HDG-2026-P1-EST-001__response-01.jpg,,,,,,,,,owner_or_contracted_creator,rights_transferred_via_standard_platform_tos,,,
Other Bio HDR/Biology Packet 2/HDG-2026-P1-EST-002__response-01.jpg,,,,,,,,,owner_or_contracted_creator,rights_transferred_via_standard_platform_tos,,,
Other Bio HDR/Biology Packet 2/HDG-2026-P1-EST-003__response-01.jpg,,,,,,,,,owner_or_contracted_creator,rights_transferred_via_standard_platform_tos,,,
Other Bio HDR/Biology Packet 2/HDG-2026-P1-EST-004__response-01.jpg,,,,,,,,,owner_or_contracted_creator,rights_transferred_via_standard_platform_tos,,,
Other Bio HDR/Biology Packet 2/HDG-2026-P1-EST-005__response-01.jpg,,,,,,,,,owner_or_contracted_creator,rights_transferred_via_standard_platform_tos,,,
Other Bio HDR/Biology Packet 2/HDG-2026-P1-EST-006__response-01.jpg,,,,,,,,,owner_or_contracted_creator,rights_transferred_via_standard_platform_tos,,,
Other Bio HDR/Biology Packet 2/HDG-2026-P1-EST-007__response-01.jpg,,,,,,,,,owner_or_contracted_creator,rights_transferred_via_standard_platform_tos,,,
Other Bio HDR/Biology Packet 2/HDG-2026-P1-EST-008__response-01.jpg,,,,,,,,,owner_or_contracted_creator,rights_transferred_via_standard_platform_tos,,,
Other Bio HDR/Biology Packet 2/HDG-2026-P1-EST-009__response-01.jpg,,,,,,,,,owner_or_contracted_creator,rights_transferred_via_standard_platform_tos,,,
Other Bio HDR/Biology Packet 2/HDG-2026-P1-EST-010__response-01.jpg,,,,,,,,,owner_or_contracted_creator,rights_transferred_via_standard_platform_tos,,,
Other Bio HDR/Biology Packet 2/HDG-2026-P1-EST-011__response-01.jpg,,,,,,,,,owner_or_contracted_creator,rights_transferred_via_standard_platform_tos,,,
Other Bio HDR/Biology Packet 2/HDG-2026-P1-EST-012__response-01.jpg,,,,,,,,,owner_or_contracted_creator,rights_transferred_via_standard_platform_tos,,,
Other Bio HDR/Biology Packet 2/HDG-2026-P1-EST-013__response-01.jpg,,,,,,,,,owner_or_contracted_creator,rights_transferred_via_standard_platform_tos,,,
Other Bio HDR/Biology Packet 2/HDG-2026-P1-EST-014__response-01.jpg,,,,,,,,,owner_or_contracted_creator,rights_transferred_via_standard_platform_tos,,,
Other Bio HDR/Biology Packet 2/HDG-2026-P1-EST-015__response-01.jpg,,,,,,,,,owner_or_contracted_creator,rights_transferred_via_standard_platform_tos,,,
Other Bio HDR/Biology Packet 2/HDG-2026-P1-EST-016__response-01.jpg,,,,,,,,,owner_or_contracted_creator,rights_transferred_via_standard_platform_tos,,,
Other Bio HDR/Biology Packet 2/HDG-2026-P1-EST-034__response-01.jpg,,,,,,,,,owner_or_contracted_creator,rights_transferred_via_standard_platform_tos,,,
Other Bio HDR/Biology Packet 2/HDG-2026-P1-EST-034__response-02.jpg,,,,,,,,,owner_or_contracted_creator,rights_transferred_via_standard_platform_tos,,,
Other Bio HDR/Biology Packet 2/HDG-2026-P1-EST-035__response-01.jpg,,,,,,,,,owner_or_contracted_creator,rights_transferred_via_standard_platform_tos,,,
Other Bio HDR/Biology Packet 2/HDG-2026-P1-EST-035__response-02.jpg,,,,,,,,,owner_or_contracted_creator,rights_transferred_via_standard_platform_tos,,,
Other Bio HDR/Biology Packet 2/HDG-2026-P1-EST-036__response-01.jpg,,,,,,,,,owner_or_contracted_creator,rights_transferred_via_standard_platform_tos,,,
Other Bio HDR/Biology Packet 2/HDG-2026-P1-EST-036__response-02.jpg,,,,,,,,,owner_or_contracted_creator,rights_transferred_via_standard_platform_tos,,,
Other Bio HDR/Biology Packet 2/HDG-2026-P1-EST-037__response-01.jpg,,,,,,,,,owner_or_contracted_creator,rights_transferred_via_standard_platform_tos,,,
Other Bio HDR/Biology Packet 2/HDG-2026-P1-EST-038__response-01.jpg,,,,,,,,,owner_or_contracted_creator,rights_transferred_via_standard_platform_tos,,,
Other Bio HDR/Biology Packet 2/HDG-2026-P1-EST-040__response-01.jpg,,,,,,,,,owner_or_contracted_creator,rights_transferred_via_standard_platform_tos,,,
Other Bio HDR/Biology Packet 2/HDG-2026-P1-EST-042__response-01.jpg,,,,,,,,,owner_or_contracted_creator,rights_transferred_via_standard_platform_tos,,,
Other Bio HDR/Biology Packet 2/HDG-2026-P1-EST-043__response-01.jpg,,,,,,,,,owner_or_contracted_creator,rights_transferred_via_standard_platform_tos,,,
Other Bio HDR/Biology Packet 2/HDG-2026-P1-EST-044__response-01.jpg,,,,,,,,,owner_or_contracted_creator,rights_transferred_via_standard_platform_tos,,,
Other Bio HDR/Biology Packet 2/HDG-2026-P1-EST-045__response-01.jpg,,,,,,,,,owner_or_contracted_creator,rights_transferred_via_standard_platform_tos,,,
Other Bio HDR/Biology Packet 2/HDG-2026-P1-EST-046__response-01.jpg,,,,,,,,,owner_or_contracted_creator,rights_transferred_via_standard_platform_tos,,,
Other Bio HDR/Biology Packet 2/HDG-2026-P1-EST-047__response-01.jpg,,,,,,,,,owner_or_contracted_creator,rights_transferred_via_standard_platform_tos,,,
Other Bio HDR/Biology Packet 2/HDG-2026-P1-EST-048__response-01.jpg,,,,,,,,,owner_or_contracted_creator,rights_transferred_via_standard_platform_tos,,,
Other Bio HDR/Biology Packet 2/HDG-2026-P1-EST-049__response-01.jpg,,,,,,,,,owner_or_contracted_creator,rights_transferred_via_standard_platform_tos,,,
Other Bio HDR/Biology Packet 2/HDG-2026-P1-EST-050__response-01.jpg,,,,,,,,,owner_or_contracted_creator,rights_transferred_via_standard_platform_tos,,,
Other Bio HDR/Biology Packet 2/HDG-2026-P1-SER-001__response-01.jpg,,,,,,,,,owner_or_contracted_creator,rights_transferred_via_standard_platform_tos,,,
Other Bio HDR/Biology Packet 2/HDG-2026-P1-SER-002__response-01.jpg,,,,,,,,,owner_or_contracted_creator,rights_transferred_via_standard_platform_tos,,,
Other Bio HDR/Biology Packet 2/HDG-2026-P1-SER-003__response-01.jpg,,,,,,,,,owner_or_contracted_creator,rights_transferred_via_standard_platform_tos,,,
Other Bio HDR/Biology Packet 2/HDG-2026-P1-SER-004__response-01.jpg,,,,,,,,,owner_or_contracted_creator,rights_transferred_via_standard_platform_tos,,,
Other Bio HDR/Biology Packet 2/HDG-2026-P1-SER-005__response-01.jpg,,,,,,,,,owner_or_contracted_creator,rights_transferred_via_standard_platform_tos,,,
Other Bio HDR/Biology Packet 2/HDG-2026-P1-SER-005__response-02.jpg,,,,,,,,,owner_or_contracted_creator,rights_transferred_via_standard_platform_tos,,,
Other Bio HDR/Biology Packet 2/HDG-2026-P1-SER-006__response-01.jpg,,,,,,,,,owner_or_contracted_creator,rights_transferred_via_standard_platform_tos,,,
Other Bio HDR/Biology Packet 2/HDG-2026-P1-SER-007__response-01.jpg,,,,,,,,,owner_or_contracted_creator,rights_transferred_via_standard_platform_tos,,,
Other Bio HDR/Biology Packet 2/HDG-2026-P1-SER-008__response-01.jpg,,,,,,,,,owner_or_contracted_creator,rights_transferred_via_standard_platform_tos,,,
Other Bio HDR/Biology Packet 2/HDG-2026-P1-SER-009__response-01.jpg,,,,,,,,,owner_or_contracted_creator,rights_transferred_via_standard_platform_tos,,,
Other Bio HDR/Biology Packet 2/HDG-2026-P1-SER-010__response-01.jpg,,,,,,,,,owner_or_contracted_creator,rights_transferred_via_standard_platform_tos,,,
Other Bio HDR/Biology Packet 2/HDG-2026-P1-SER-011__response-01.jpg,,,,,,,,,owner_or_contracted_creator,rights_transferred_via_standard_platform_tos,,,
Other Bio HDR/Biology Packet 2/HDG-2026-P1-SER-012__response-01.jpg,,,,,,,,,owner_or_contracted_creator,rights_transferred_via_standard_platform_tos,,,
Other Bio HDR/Biology Packet 2/HDG-2026-P1-SER-013__response-01.jpg,,,,,,,,,owner_or_contracted_creator,rights_transferred_via_standard_platform_tos,,,
Other Bio HDR/Biology Packet 2/HDG-2026-P1-SER-014__response-01.jpg,,,,,,,,,owner_or_contracted_creator,rights_transferred_via_standard_platform_tos,,,
Other Bio HDR/Biology Packet 2/HDG-2026-P1-SER-015__response-01.jpg,,,,,,,,,owner_or_contracted_creator,rights_transferred_via_standard_platform_tos,,,
Other Bio HDR/Biology Packet 2/HDG-2026-P1-SER-016__response-01.jpg,,,,,,,,,owner_or_contracted_creator,rights_transferred_via_standard_platform_tos,,,
Other Bio HDR/Biology Packet 2/HDG-2026-P1-SER-017__response-01.jpg,,,,,,,,,owner_or_contracted_creator,rights_transferred_via_standard_platform_tos,,,
Other Bio HDR/Biology Packet 2/HDG-2026-P1-SER-034__response-01.jpg,,,,,,,,,owner_or_contracted_creator,rights_transferred_via_standard_platform_tos,,,
Other Bio HDR/Biology Packet 2/HDG-2026-P1-SER-034__response-02.jpg,,,,,,,,,owner_or_contracted_creator,rights_transferred_via_standard_platform_tos,,,
Other Bio HDR/Biology Packet 2/HDG-2026-P1-SER-035__response-02.jpg,,,,,,,,,owner_or_contracted_creator,rights_transferred_via_standard_platform_tos,,,
Other Bio HDR/Biology Packet 2/HDG-2026-P1-SER-036__response-01.jpg,,,,,,,,,owner_or_contracted_creator,rights_transferred_via_standard_platform_tos,,,
Other Bio HDR/Biology Packet 2/HDG-2026-P1-SER-036__response-02.jpg,,,,,,,,,owner_or_contracted_creator,rights_transferred_via_standard_platform_tos,,,
Other Bio HDR/Biology Packet 2/HDG-2026-P1-SER-038__response-01.jpg,,,,,,,,,owner_or_contracted_creator,rights_transferred_via_standard_platform_tos,,,
Other Bio HDR/Biology Packet 2/HDG-2026-P1-SER-039__response-01.jpg,,,,,,,,,owner_or_contracted_creator,rights_transferred_via_standard_platform_tos,,,
Other Bio HDR/Biology Packet 2/HDG-2026-P1-SER-040__response-01.jpg,,,,,,,,,owner_or_contracted_creator,rights_transferred_via_standard_platform_tos,,,
Other Bio HDR/Biology Packet 2/HDG-2026-P1-SER-041__response-01.jpg,,,,,,,,,owner_or_contracted_creator,rights_transferred_via_standard_platform_tos,,,
Other Bio HDR/Biology Packet 2/HDG-2026-P1-SER-042__response-01.jpg,,,,,,,,,owner_or_contracted_creator,rights_transferred_via_standard_platform_tos,,,
Other Bio HDR/Biology Packet 2/HDG-2026-P1-SER-043__response-01.jpg,,,,,,,,,owner_or_contracted_creator,rights_transferred_via_standard_platform_tos,,,
Other Bio HDR/Biology Packet 2/HDG-2026-P1-SER-044__response-01.jpg,,,,,,,,,owner_or_contracted_creator,rights_transferred_via_standard_platform_tos,,,
Other Bio HDR/Biology Packet 2/HDG-2026-P1-SER-045__response-01.jpg,,,,,,,,,owner_or_contracted_creator,rights_transferred_via_standard_platform_tos,,,
Other Bio HDR/Biology Packet 2/HDG-2026-P1-SER-046__response-01.jpg,,,,,,,,,owner_or_contracted_creator,rights_transferred_via_standard_platform_tos,,,
Other Bio HDR/Biology Packet 2/HDG-2026-P1-SER-047__response-01.jpg,,,,,,,,,owner_or_contracted_creator,rights_transferred_via_standard_platform_tos,,,
Other Bio HDR/Biology Packet 2/HDG-2026-P1-SER-048__response-01.jpg,,,,,,,,,owner_or_contracted_creator,rights_transferred_via_standard_platform_tos,,,
Other Bio HDR/Biology Packet 2/HDG-2026-P1-SER-049__response-01.jpg,,,,,,,,,owner_or_contracted_creator,rights_transferred_via_standard_platform_tos,,,
Other Bio HDR/Biology Packet 2/HDG-2026-P1-SER-050__response-01.jpg,,,,,,,,,owner_or_contracted_creator,rights_transferred_via_standard_platform_tos,,,
Other Bio HDR/Biology Packet 3/HDG-2026-P1-CAT-037__response-01.jpg,,,,,,,,,owner_or_contracted_creator,rights_transferred_via_standard_platform_tos,,,
Other Bio HDR/Biology Packet 3/HDG-2026-P1-CAT-038__response-01.jpg,,,,,,,,,owner_or_contracted_creator,rights_transferred_via_standard_platform_tos,,,
Other Bio HDR/Biology Packet 3/HDG-2026-P1-CAT-039__response-01.jpg,,,,,,,,,owner_or_contracted_creator,rights_transferred_via_standard_platform_tos,,,
Other Bio HDR/Biology Packet 3/HDG-2026-P1-CAT-040__response-01.jpg,,,,,,,,,owner_or_contracted_creator,rights_transferred_via_standard_platform_tos,,,
Other Bio HDR/Biology Packet 3/HDG-2026-P1-CAT-041__response-01.jpg,,,,,,,,,owner_or_contracted_creator,rights_transferred_via_standard_platform_tos,,,
Other Bio HDR/Biology Packet 3/HDG-2026-P1-CAT-042__response-01.jpg,,,,,,,,,owner_or_contracted_creator,rights_transferred_via_standard_platform_tos,,,
Other Bio HDR/Biology Packet 3/HDG-2026-P1-CAT-043__response-01.jpg,,,,,,,,,owner_or_contracted_creator,rights_transferred_via_standard_platform_tos,,,
Other Bio HDR/Biology Packet 3/HDG-2026-P1-CAT-044__response-01.jpg,,,,,,,,,owner_or_contracted_creator,rights_transferred_via_standard_platform_tos,,,
Other Bio HDR/Biology Packet 3/HDG-2026-P1-CAT-045__response-01.jpg,,,,,,,,,owner_or_contracted_creator,rights_transferred_via_standard_platform_tos,,,
Other Bio HDR/Biology Packet 3/HDG-2026-P1-CAT-046__response-01.jpg,,,,,,,,,owner_or_contracted_creator,rights_transferred_via_standard_platform_tos,,,
Other Bio HDR/Biology Packet 3/HDG-2026-P1-CAT-047__response-01.jpg,,,,,,,,,owner_or_contracted_creator,rights_transferred_via_standard_platform_tos,,,
Other Bio HDR/Biology Packet 3/HDG-2026-P1-CAT-048__response-01.jpg,,,,,,,,,owner_or_contracted_creator,rights_transferred_via_standard_platform_tos,,,
Other Bio HDR/Biology Packet 3/HDG-2026-P1-CAT-049__response-01.jpg,,,,,,,,,owner_or_contracted_creator,rights_transferred_via_standard_platform_tos,,,
Other Bio HDR/Biology Packet 3/HDG-2026-P1-CAT-050__response-01.jpg,,,,,,,,,owner_or_contracted_creator,rights_transferred_via_standard_platform_tos,,,
Other Bio HDR/Biology Packet 3/HDG-2026-P1-EST-035__response-01.jpg,,,,,,,,,owner_or_contracted_creator,rights_transferred_via_standard_platform_tos,,,
Other Bio HDR/Biology Packet 3/HDG-2026-P1-EST-036__response-01.jpg,,,,,,,,,owner_or_contracted_creator,rights_transferred_via_standard_platform_tos,,,
Other Bio HDR/Biology Packet 3/HDG-2026-P1-EST-037__response-01.jpg,,,,,,,,,owner_or_contracted_creator,rights_transferred_via_standard_platform_tos,,,
Other Bio HDR/Biology Packet 3/HDG-2026-P1-EST-038__response-01.jpg,,,,,,,,,owner_or_contracted_creator,rights_transferred_via_standard_platform_tos,,,
Other Bio HDR/Biology Packet 3/HDG-2026-P1-EST-039__response-01.jpg,,,,,,,,,owner_or_contracted_creator,rights_transferred_via_standard_platform_tos,,,
Other Bio HDR/Biology Packet 3/HDG-2026-P1-EST-039__response-02.jpg,,,,,,,,,owner_or_contracted_creator,rights_transferred_via_standard_platform_tos,,,
Other Bio HDR/Biology Packet 3/HDG-2026-P1-EST-040__response-01.jpg,,,,,,,,,owner_or_contracted_creator,rights_transferred_via_standard_platform_tos,,,
Other Bio HDR/Biology Packet 3/HDG-2026-P1-EST-041__response-01.jpg,,,,,,,,,owner_or_contracted_creator,rights_transferred_via_standard_platform_tos,,,
Other Bio HDR/Biology Packet 3/HDG-2026-P1-EST-042__response-01.jpg,,,,,,,,,owner_or_contracted_creator,rights_transferred_via_standard_platform_tos,,,
Other Bio HDR/Biology Packet 3/HDG-2026-P1-EST-043__response-01.jpg,,,,,,,,,owner_or_contracted_creator,rights_transferred_via_standard_platform_tos,,,
Other Bio HDR/Biology Packet 3/HDG-2026-P1-EST-044__response-01.jpg,,,,,,,,,owner_or_contracted_creator,rights_transferred_via_standard_platform_tos,,,
Other Bio HDR/Biology Packet 3/HDG-2026-P1-EST-045__response-01.jpg,,,,,,,,,owner_or_contracted_creator,rights_transferred_via_standard_platform_tos,,,
Other Bio HDR/Biology Packet 3/HDG-2026-P1-EST-046__response-01.jpg,,,,,,,,,owner_or_contracted_creator,rights_transferred_via_standard_platform_tos,,,
Other Bio HDR/Biology Packet 3/HDG-2026-P1-EST-047__response-01.jpg,,,,,,,,,owner_or_contracted_creator,rights_transferred_via_standard_platform_tos,,,
Other Bio HDR/Biology Packet 3/HDG-2026-P1-EST-048__response-01.jpg,,,,,,,,,owner_or_contracted_creator,rights_transferred_via_standard_platform_tos,,,
Other Bio HDR/Biology Packet 3/HDG-2026-P1-EST-049__response-01.jpg,,,,,,,,,owner_or_contracted_creator,rights_transferred_via_standard_platform_tos,,,
Other Bio HDR/Biology Packet 3/HDG-2026-P1-EST-050__response-01.jpg,,,,,,,,,owner_or_contracted_creator,rights_transferred_via_standard_platform_tos,,,
Other Bio HDR/Biology Packet 3/HDG-2026-P1-SER-036__response-01.jpg,,,,,,,,,owner_or_contracted_creator,rights_transferred_via_standard_platform_tos,,,
Other Bio HDR/Biology Packet 3/HDG-2026-P1-SER-037__response-01.jpg,,,,,,,,,owner_or_contracted_creator,rights_transferred_via_standard_platform_tos,,,
Other Bio HDR/Biology Packet 3/HDG-2026-P1-SER-037__response-02.jpg,,,,,,,,,owner_or_contracted_creator,rights_transferred_via_standard_platform_tos,,,
Other Bio HDR/Biology Packet 3/HDG-2026-P1-SER-038__response-01.jpg,,,,,,,,,owner_or_contracted_creator,rights_transferred_via_standard_platform_tos,,,
Other Bio HDR/Biology Packet 3/HDG-2026-P1-SER-039__response-01.jpg,,,,,,,,,owner_or_contracted_creator,rights_transferred_via_standard_platform_tos,,,
Other Bio HDR/Biology Packet 3/HDG-2026-P1-SER-040__response-01.jpg,,,,,,,,,owner_or_contracted_creator,rights_transferred_via_standard_platform_tos,,,
Other Bio HDR/Biology Packet 3/HDG-2026-P1-SER-041__response-01.jpg,,,,,,,,,owner_or_contracted_creator,rights_transferred_via_standard_platform_tos,,,
Other Bio HDR/Biology Packet 3/HDG-2026-P1-SER-042__response-01.jpg,,,,,,,,,owner_or_contracted_creator,rights_transferred_via_standard_platform_tos,,,
Other Bio HDR/Biology Packet 3/HDG-2026-P1-SER-043__response-01.jpg,,,,,,,,,owner_or_contracted_creator,rights_transferred_via_standard_platform_tos,,,
Other Bio HDR/Biology Packet 3/HDG-2026-P1-SER-044__response-01.jpg,,,,,,,,,owner_or_contracted_creator,rights_transferred_via_standard_platform_tos,,,
Other Bio HDR/Biology Packet 3/HDG-2026-P1-SER-045__response-01.jpg,,,,,,,,,owner_or_contracted_creator,rights_transferred_via_standard_platform_tos,,,
Other Bio HDR/Biology Packet 3/HDG-2026-P1-SER-046__response-01.jpg,,,,,,,,,owner_or_contracted_creator,rights_transferred_via_standard_platform_tos,,,
Other Bio HDR/Biology Packet 3/HDG-2026-P1-SER-047__response-01.jpg,,,,,,,,,owner_or_contracted_creator,rights_transferred_via_standard_platform_tos,,,
Other Bio HDR/Biology Packet 3/HDG-2026-P1-SER-048__response-01.jpg,,,,,,,,,owner_or_contracted_creator,rights_transferred_via_standard_platform_tos,,,
Other Bio HDR/Biology Packet 3/HDG-2026-P1-SER-049__response-01.jpg,,,,,,,,,owner_or_contracted_creator,rights_transferred_via_standard_platform_tos,,,
Other Bio HDR/Biology Packet 3/HDG-2026-P1-SER-050__response-01.jpg,,,,,,,,,owner_or_contracted_creator,rights_transferred_via_standard_platform_tos,,,
Stats-HRD-2/IMG_7046.jpeg,,,,,,,,,owner_or_contracted_creator,rights_transferred_via_standard_platform_tos,,,
Stats-HRD-2/IMG_7047.jpeg,,,,,,,,,owner_or_contracted_creator,rights_transferred_via_standard_platform_tos,,,
Stats-HRD-2/IMG_7048.jpeg,,,,,,,,,owner_or_contracted_creator,rights_transferred_via_standard_platform_tos,,,
Stats-HRD-2/IMG_7049.jpeg,,,,,,,,,owner_or_contracted_creator,rights_transferred_via_standard_platform_tos,,,
Stats-HRD-2/IMG_7050.jpeg,,,,,,,,,owner_or_contracted_creator,rights_transferred_via_standard_platform_tos,,,
Stats-HRD-2/IMG_7051.jpeg,,,,,,,,,owner_or_contracted_creator,rights_transferred_via_standard_platform_tos,,,
Stats-HRD-2/IMG_7052.jpeg,,,,,,,,,owner_or_contracted_creator,rights_transferred_via_standard_platform_tos,,,
Stats-HRD-2/IMG_7053.jpeg,,,,,,,,,owner_or_contracted_creator,rights_transferred_via_standard_platform_tos,,,
Stats-HRD-2/IMG_7054.jpeg,,,,,,,,,owner_or_contracted_creator,rights_transferred_via_standard_platform_tos,,,
Stats-HRD-2/IMG_7055.jpeg,,,,,,,,,owner_or_contracted_creator,rights_transferred_via_standard_platform_tos,,,
Stats-HRD-2/IMG_7056.jpeg,,,,,,,,,owner_or_contracted_creator,rights_transferred_via_standard_platform_tos,,,
Stats-HRD-2/IMG_7057.jpeg,,,,,,,,,owner_or_contracted_creator,rights_transferred_via_standard_platform_tos,,,
Stats-HRD-2/IMG_7058.jpeg,,,,,,,,,owner_or_contracted_creator,rights_transferred_via_standard_platform_tos,,,
Stats-HRD-2/IMG_7059.jpeg,,,,,,,,,owner_or_contracted_creator,rights_transferred_via_standard_platform_tos,,,
Stats-HRD-2/IMG_7060.jpeg,,,,,,,,,owner_or_contracted_creator,rights_transferred_via_standard_platform_tos,,,
Stats-HRD-2/IMG_7061.jpeg,,,,,,,,,owner_or_contracted_creator,rights_transferred_via_standard_platform_tos,,,
Stats-HRD-2/IMG_7062.jpeg,,,,,,,,,owner_or_contracted_creator,rights_transferred_via_standard_platform_tos,,,
Stats-HRD-2/IMG_7063.jpeg,,,,,,,,,owner_or_contracted_creator,rights_transferred_via_standard_platform_tos,,,
Stats-HRD-2/IMG_7064.jpeg,,,,,,,,,owner_or_contracted_creator,rights_transferred_via_standard_platform_tos,,,
Stats-HRD-2/IMG_7065.jpeg,,,,,,,,,owner_or_contracted_creator,rights_transferred_via_standard_platform_tos,,,
Stats-HRD-2/IMG_7066.jpeg,,,,,,,,,owner_or_contracted_creator,rights_transferred_via_standard_platform_tos,,,
Stats-HRD-2/IMG_7067.jpeg,,,,,,,,,owner_or_contracted_creator,rights_transferred_via_standard_platform_tos,,,
Stats-HRD-2/IMG_7068.jpeg,,,,,,,,,owner_or_contracted_creator,rights_transferred_via_standard_platform_tos,,,
Stats-HRD-2/IMG_7069.jpeg,,,,,,,,,owner_or_contracted_creator,rights_transferred_via_standard_platform_tos,,,
Stats-HRD-2/IMG_7070.jpeg,,,,,,,,,owner_or_contracted_creator,rights_transferred_via_standard_platform_tos,,,
Stats-HRD-2/IMG_7071.jpeg,,,,,,,,,owner_or_contracted_creator,rights_transferred_via_standard_platform_tos,,,
Stats-HRD-2/IMG_7072.jpeg,,,,,,,,,owner_or_contracted_creator,rights_transferred_via_standard_platform_tos,,,
Stats-HRD-2/IMG_7073.jpeg,,,,,,,,,owner_or_contracted_creator,rights_transferred_via_standard_platform_tos,,,
graphs_pdf_split_contact_sheet.jpg,,,,,,,,,owner_or_contracted_creator,rights_transferred_via_standard_platform_tos,,,
